"Date","Price","Open","High","Low","Vol.","Change %"
"11/21/2023","39.00","39.00","39.00","37.55","279.13K","0.00%"
"11/20/2023","39.00","40.00","39.00","39.00","5.42M","-2.50%"
"11/17/2023","40.00","40.00","39.00","38.50","442.82K","0.00%"
"11/16/2023","40.00","38.00","40.00","38.00","2.75M","5.26%"
"11/15/2023","38.00","38.00","38.00","38.00","1.55M","0.00%"
"11/14/2023","38.00","38.00","38.90","37.05","175.05K","0.00%"
"11/13/2023","38.00","38.00","38.00","38.00","11.56M","0.00%"
"11/10/2023","38.00","38.00","38.00","38.00","7.69M","0.00%"
"11/09/2023","38.00","37.75","38.00","38.00","2.45M","0.66%"
"11/08/2023","37.75","37.75","37.95","37.20","199.50K","0.00%"
"11/07/2023","37.75","37.50","37.75","37.75","3.53M","0.67%"
"11/06/2023","37.50","37.25","38.00","37.45","4.93M","0.67%"
"11/03/2023","37.25","37.15","38.35","37.25","5.76M","0.27%"
"11/02/2023","37.15","37.15","37.95","37.00","1.55M","0.00%"
"11/01/2023","37.15","37.15","37.75","36.15","846.49K","0.00%"
"10/31/2023","37.15","37.95","38.90","37.15","779.72K","-2.11%"
"10/30/2023","37.95","36.05","37.95","36.25","1.46M","5.27%"
"10/27/2023","36.05","38.00","36.05","36.05","458.13K","-5.13%"
"10/26/2023","38.00","38.00","37.90","36.65","633.22K","0.00%"
"10/25/2023","38.00","39.00","38.00","38.00","678.52K","-2.56%"
"10/24/2023","39.00","39.00","39.50","38.00","890.05K","0.00%"
"10/23/2023","39.00","38.00","39.00","39.00","395.20K","2.63%"
"10/20/2023","38.00","38.00","38.90","37.50","331.07K","0.00%"
"10/19/2023","38.00","38.90","38.00","37.55","1.22M","-2.31%"
"10/18/2023","38.90","38.90","40.00","38.00","270.86K","0.00%"
"10/17/2023","38.90","42.00","38.90","38.90","951.94K","-7.38%"
"10/16/2023","42.00","42.00","40.45","38.15","423.43K","0.00%"
"10/13/2023","42.00","42.00","40.85","39.00","35.65K","0.00%"
"10/12/2023","42.00","42.00","40.95","39.00","342.63K","0.00%"
"10/11/2023","42.00","42.00","40.80","39.00","190.91K","0.00%"
"10/10/2023","42.00","42.00","40.00","38.10","813.31K","0.00%"
"10/09/2023","42.00","38.50","42.00","39.90","1.39M","9.09%"
"10/06/2023","38.50","39.00","38.50","38.50","482.13K","-1.28%"
"10/05/2023","39.00","39.00","39.95","37.70","1.17M","0.00%"
"10/04/2023","39.00","39.00","40.00","37.80","158.33K","0.00%"
"10/03/2023","39.00","40.85","40.85","39.00","680.15K","-4.53%"
"09/29/2023","40.85","40.85","39.50","37.85","191.43K","0.00%"
"09/28/2023","40.85","40.85","40.85","37.80","451.29K","0.00%"
"09/26/2023","40.85","39.50","40.85","40.85","870.28K","3.42%"
"09/25/2023","39.50","39.50","40.00","39.00","328.52K","0.00%"
"09/22/2023","39.50","39.50","39.95","39.60","350.22K","0.00%"
"09/21/2023","39.50","40.95","39.50","39.50","1.18M","-3.54%"
"09/20/2023","40.95","40.95","40.50","38.00","481.87K","0.00%"
"09/19/2023","40.95","40.95","40.45","39.00","502.55K","0.00%"
"09/18/2023","40.95","40.95","40.95","38.85","227.72K","0.00%"
"09/15/2023","40.95","38.75","40.95","40.00","884.14K","5.68%"
"09/14/2023","38.75","38.75","40.00","38.75","20.66M","0.00%"
"09/13/2023","38.75","38.75","38.75","37.40","221.94K","0.00%"
"09/12/2023","38.75","38.75","39.00","37.50","924.89K","0.00%"
"09/11/2023","38.75","38.10","38.80","38.75","8.51M","1.71%"
"09/08/2023","38.10","38.10","39.00","38.00","118.91K","0.00%"
"09/07/2023","38.10","38.25","38.50","38.00","6.37M","-0.39%"
"09/06/2023","38.25","38.50","38.25","38.00","4.04M","-0.65%"
"09/05/2023","38.50","39.00","38.50","38.50","10.78M","-1.28%"
"09/04/2023","39.00","39.00","40.00","39.00","1.85M","0.00%"
"09/01/2023","39.00","39.00","39.00","38.00","1.02M","0.00%"
"08/31/2023","39.00","39.00","39.50","38.00","406.33K","0.00%"
"08/30/2023","39.00","39.00","39.00","38.90","1.22M","0.00%"
"08/29/2023","39.00","37.10","39.00","37.00","1.83M","5.12%"
"08/28/2023","37.10","37.90","37.10","37.10","764.01K","-2.11%"
"08/25/2023","37.90","38.00","37.90","37.90","1.02M","-0.26%"
"08/24/2023","38.00","37.30","38.00","37.60","1.81M","1.88%"
"08/23/2023","37.30","38.25","37.30","37.30","1.13M","-2.48%"
"08/22/2023","38.25","42.50","38.25","38.25","634.81K","-10.00%"
"08/21/2023","42.50","42.50","40.95","38.35","284.76K","0.00%"
"08/18/2023","42.50","42.50","39.75","38.50","111.42K","0.00%"
"08/17/2023","42.50","42.50","39.75","38.30","179.66K","0.00%"
"08/16/2023","42.50","42.50","40.05","38.60","325.53K","0.00%"
"08/15/2023","42.50","42.50","40.30","39.30","137.30K","0.00%"
"08/14/2023","42.50","42.50","40.05","39.05","64.98K","0.00%"
"08/11/2023","42.50","42.50","40.05","39.10","386.87K","0.00%"
"08/10/2023","42.50","42.50","41.60","39.50","200.14K","0.00%"
"08/09/2023","42.50","42.50","41.65","39.70","447.72K","0.00%"
"08/08/2023","42.50","42.50","42.40","39.40","427.62K","0.00%"
"08/07/2023","42.50","42.50","42.50","39.50","594.99K","0.00%"
"08/04/2023","42.50","41.80","42.50","42.50","835.95K","1.67%"
"08/03/2023","41.80","38.00","41.80","40.60","1.37M","10.00%"
"08/02/2023","38.00","37.00","38.00","38.00","1.05M","2.70%"
"08/01/2023","37.00","36.50","37.00","37.00","782.00K","1.37%"
"07/31/2023","36.50","36.50","37.10","35.70","1.12M","0.00%"
"07/28/2023","36.50","36.00","36.50","36.00","3.65M","-8.75%"
"07/27/2023","40.00","42.00","40.00","40.00","739.66K","-4.76%"
"07/26/2023","42.00","42.00","42.00","42.00","698.32K","0.00%"
"07/25/2023","42.00","43.65","42.50","41.90","1.73M","-3.78%"
"07/24/2023","43.65","43.65","43.65","41.65","267.47K","0.00%"
"07/21/2023","43.65","39.70","43.65","40.85","1.46M","9.95%"
"07/20/2023","39.70","39.70","40.15","39.20","1.31M","0.00%"
"07/19/2023","39.70","38.00","39.70","39.00","4.08M","4.47%"
"07/18/2023","38.00","37.00","38.00","38.00","2.84M","2.70%"
"07/17/2023","37.00","39.00","37.95","37.00","2.02M","-5.13%"
"07/14/2023","39.00","39.50","39.50","39.00","2.59M","-1.27%"
"07/13/2023","39.50","42.50","39.50","39.50","654.67K","-7.06%"
"07/12/2023","42.50","42.50","42.00","38.30","665.55K","0.00%"
"07/11/2023","42.50","42.60","42.50","42.50","997.33K","-0.23%"
"07/10/2023","42.60","43.70","43.00","42.60","2.58M","-2.52%"
"07/07/2023","43.70","44.00","43.70","43.70","1.76M","-0.68%"
"07/06/2023","44.00","45.00","44.00","44.00","1.50M","-2.22%"
"07/05/2023","45.00","44.75","45.00","44.70","5.36M","0.56%"
"07/04/2023","44.75","45.00","44.75","43.10","5.58M","-0.56%"
"07/03/2023","45.00","45.00","45.90","45.00","7.25M","0.00%"
"06/30/2023","45.00","43.95","45.00","44.60","4.23M","2.39%"
"06/27/2023","43.95","43.00","43.95","43.00","4.83M","2.21%"
"06/26/2023","43.00","43.70","43.25","43.00","2.19M","-1.60%"
"06/23/2023","43.70","43.80","43.70","42.65","2.61M","-0.23%"
"06/22/2023","43.80","43.80","43.80","43.80","2.33M","0.00%"
"06/21/2023","43.80","43.70","43.80","43.70","2.51M","0.23%"
"06/20/2023","43.70","44.00","44.00","43.70","3.80M","-0.68%"
"06/19/2023","44.00","43.90","44.20","44.00","1.77M","0.23%"
"06/16/2023","43.90","42.50","44.05","43.90","1.09M","3.29%"
"06/15/2023","42.50","45.20","43.00","42.50","1.66M","-5.97%"
"06/14/2023","45.20","42.75","46.50","45.00","4.04M","5.73%"
"06/13/2023","42.75","41.00","42.75","41.45","5.43M","4.27%"
"06/09/2023","41.00","41.00","41.00","41.00","943.32K","0.00%"
"06/08/2023","41.00","41.75","41.00","41.00","1.05M","-1.80%"
"06/07/2023","41.75","41.75","41.80","40.95","951.41K","0.00%"
"06/06/2023","41.75","41.00","41.75","40.90","2.67M","1.83%"
"06/05/2023","41.00","41.00","41.50","40.30","690.74K","0.00%"
"06/02/2023","41.00","40.95","41.00","41.00","5.93M","0.12%"
"06/01/2023","40.95","41.80","40.95","40.00","1.99M","-2.03%"
"05/31/2023","41.80","42.35","42.40","41.10","5.41M","-1.30%"
"05/30/2023","42.35","38.50","42.35","40.00","7.04M","10.00%"
"05/26/2023","38.50","37.90","38.50","38.00","9.28M","1.58%"
"05/25/2023","37.90","37.90","38.00","37.70","616.48K","0.00%"
"05/24/2023","37.90","37.90","37.90","37.90","478.33K","0.00%"
"05/23/2023","37.90","38.00","37.90","37.10","1.04M","-0.26%"
"05/22/2023","38.00","38.00","38.00","36.60","319.31K","0.00%"
"05/19/2023","38.00","38.70","38.00","38.00","1.25M","-1.81%"
"05/18/2023","38.70","38.70","38.70","36.70","1.12M","0.00%"
"05/17/2023","38.70","35.30","38.80","38.00","5.65M","9.63%"
"05/16/2023","35.30","32.10","35.30","34.90","3.99M","9.97%"
"05/15/2023","32.10","32.10","34.50","33.90","1.14M","0.00%"
"05/12/2023","32.10","32.10","34.75","33.60","1.49M","0.00%"
"05/11/2023","32.10","32.10","34.25","33.10","911.80K","0.00%"
"05/10/2023","32.10","32.10","34.00","32.50","1.17M","0.00%"
"05/09/2023","32.10","35.00","34.00","32.10","7.12M","-8.29%"
"05/08/2023","35.00","33.70","35.00","35.00","1.15M","3.86%"
"05/05/2023","33.70","32.00","33.75","33.70","1.38M","5.31%"
"05/04/2023","32.00","32.85","33.00","32.00","6.08M","-2.59%"
"05/03/2023","32.85","35.00","33.10","32.00","5.14M","-6.14%"
"05/02/2023","35.00","32.00","35.00","32.00","3.47M","9.38%"
"04/28/2023","32.00","32.85","34.30","32.00","6.85M","-2.59%"
"04/27/2023","32.85","36.50","34.00","32.85","1.54M","-10.00%"
"04/26/2023","36.50","36.15","36.50","36.20","705.43K","0.97%"
"04/25/2023","36.15","36.15","36.60","36.05","399.88K","0.00%"
"04/20/2023","36.15","36.20","36.15","35.70","3.66M","-0.14%"
"04/19/2023","36.20","36.75","36.75","36.20","2.95M","-1.50%"
"04/18/2023","36.75","36.35","36.75","36.75","375.13K","1.10%"
"04/17/2023","36.35","36.35","36.90","36.20","732.54K","0.00%"
"04/14/2023","36.35","36.35","36.90","36.35","276.97K","0.00%"
"04/13/2023","36.35","36.50","36.35","36.20","2.97M","-0.41%"
"04/12/2023","36.50","36.50","36.50","36.50","500.03K","0.00%"
"04/11/2023","36.50","37.00","36.75","36.50","3.38M","-1.35%"
"04/06/2023","37.00","37.00","37.00","36.05","502.87K","0.00%"
"04/05/2023","37.00","37.00","37.00","37.00","1.29M","0.00%"
"04/04/2023","37.00","37.00","37.00","37.00","344.90K","0.00%"
"04/03/2023","37.00","37.00","37.00","37.00","2.84M","0.00%"
"03/31/2023","37.00","37.00","37.00","37.00","872.25K","0.00%"
"03/30/2023","37.00","37.00","38.45","37.80","684.44K","0.00%"
"03/29/2023","37.00","37.00","37.00","37.00","1.59M","0.00%"
"03/28/2023","37.00","37.00","37.50","36.70","312.91K","0.00%"
"03/27/2023","37.00","38.00","37.00","37.00","1.34M","-2.63%"
"03/24/2023","38.00","38.55","38.00","36.50","7.09M","-1.43%"
"03/23/2023","38.55","38.55","38.50","37.05","555.91K","0.00%"
"03/22/2023","38.55","38.55","38.55","37.10","486.38K","0.00%"
"03/21/2023","38.55","38.55","38.50","37.00","284.96K","0.00%"
"03/20/2023","38.55","39.80","38.55","38.55","755.34K","-3.14%"
"03/17/2023","39.80","39.80","40.00","39.00","81.67K","-2.57%"
"03/16/2023","40.85","40.85","40.30","39.20","544.18K","0.00%"
"03/15/2023","40.85","40.85","40.85","39.45","882.48K","0.00%"
"03/14/2023","40.85","40.85","40.50","39.30","994.30K","0.00%"
"03/13/2023","40.85","40.85","40.50","39.55","334.15K","0.00%"
"03/10/2023","40.85","40.85","40.70","39.75","232.85K","0.00%"
"03/09/2023","40.85","40.85","40.85","39.70","436.32K","0.00%"
"03/08/2023","40.85","40.85","40.45","39.60","1.64M","0.00%"
"03/07/2023","40.85","40.85","40.90","40.20","484.86K","0.00%"
"03/06/2023","40.85","41.25","40.85","40.85","2.27M","-0.97%"
"03/03/2023","41.25","41.25","41.25","40.15","1.15M","0.00%"
"03/02/2023","41.25","41.25","41.40","40.95","270.43K","0.00%"
"03/01/2023","41.25","41.35","41.35","40.50","911.89K","-0.24%"
"02/28/2023","41.35","41.35","41.35","40.65","1.08M","0.00%"
"02/27/2023","41.35","41.50","41.35","41.35","805.19K","-0.36%"
"02/24/2023","41.50","42.00","41.50","41.00","2.03M","-1.19%"
"02/23/2023","42.00","41.00","42.00","42.00","866.44K","2.44%"
"02/22/2023","41.00","41.00","40.95","40.50","205.97K","0.00%"
"02/21/2023","41.00","41.00","41.00","40.60","478.94K","0.00%"
"02/20/2023","41.00","41.00","41.00","40.50","356.84K","0.00%"
"02/17/2023","41.00","41.00","41.00","40.85","170.52K","0.00%"
"02/16/2023","41.00","40.50","41.00","41.00","1.66M","1.23%"
"02/15/2023","40.50","40.50","41.90","40.50","123.33K","0.00%"
"02/14/2023","40.50","40.50","40.50","40.50","5.65M","0.00%"
"02/13/2023","40.50","40.50","41.90","40.50","1.22M","0.00%"
"02/10/2023","40.50","40.70","40.50","40.00","28.14M","-0.49%"
"02/09/2023","40.70","41.80","40.70","40.70","797.33K","-2.63%"
"02/08/2023","41.80","41.80","40.00","39.30","407.58K","0.00%"
"02/07/2023","41.80","41.80","40.60","39.05","535.80K","0.00%"
"02/06/2023","41.80","41.80","41.15","40.00","360.96K","0.00%"
"02/03/2023","41.80","41.80","41.20","40.70","939.44K","0.00%"
"02/02/2023","41.80","41.80","41.30","40.50","1.11M","0.00%"
"02/01/2023","41.80","41.80","41.70","41.30","397.71K","0.00%"
"01/31/2023","41.80","41.95","41.80","41.80","671.16K","-0.36%"
"01/30/2023","41.95","41.95","42.00","41.00","499.40K","0.00%"
"01/27/2023","41.95","41.95","43.80","41.95","304.73K","0.00%"
"01/26/2023","41.95","41.85","41.95","41.95","1.75M","0.24%"
"01/25/2023","41.85","41.85","43.45","41.90","441.26K","0.00%"
"01/24/2023","41.85","46.45","42.20","41.85","859.13K","-9.90%"
"01/23/2023","46.45","46.45","45.00","43.05","758.13K","0.00%"
"01/20/2023","46.45","46.45","45.00","44.00","287.94K","0.00%"
"01/19/2023","46.45","46.45","45.90","43.15","466.20K","0.00%"
"01/18/2023","46.45","46.45","46.00","45.05","408.01K","0.00%"
"01/17/2023","46.45","46.45","46.50","45.50","225.70K","0.00%"
"01/16/2023","46.45","47.00","46.45","45.30","963.95K","-1.17%"
"01/13/2023","47.00","47.95","47.00","47.00","642.70K","-1.98%"
"01/12/2023","47.95","47.95","47.95","45.75","308.14K","0.00%"
"01/11/2023","47.95","47.95","48.20","47.00","408.03K","0.00%"
"01/10/2023","47.95","47.90","48.85","47.95","1.06M","0.10%"
"01/09/2023","47.90","47.00","47.90","47.90","685.20K","1.91%"
"01/06/2023","47.00","47.00","48.50","46.50","691.83K","0.00%"
"01/05/2023","47.00","45.10","47.00","47.00","897.94K","4.21%"
"01/04/2023","45.10","41.00","45.10","45.00","1.49M","10.00%"
"01/03/2023","41.00","41.00","42.50","40.50","220.61K","0.00%"
"12/30/2022","41.00","41.00","42.45","41.20","179.47K","0.00%"
"12/29/2022","41.00","37.60","41.00","41.00","821.52K","9.04%"
"12/28/2022","37.60","37.60","41.00","38.60","527.40K","0.00%"
"12/23/2022","37.60","37.60","41.00","38.25","103.54K","0.00%"
"12/22/2022","37.60","37.80","37.60","37.60","10.50M","-0.53%"
"12/21/2022","37.80","37.80","38.50","37.45","306.10K","0.00%"
"12/20/2022","37.80","38.00","37.80","37.80","614.19K","-0.53%"
"12/19/2022","38.00","38.00","38.00","37.55","652.01K","0.00%"
"12/16/2022","38.00","38.50","38.00","37.55","1.65M","-1.30%"
"12/15/2022","38.50","38.50","38.15","37.55","187.88K","0.00%"
"12/14/2022","38.50","38.50","38.50","38.00","543.64K","0.00%"
"12/13/2022","38.50","38.50","38.50","38.50","1.01M","0.00%"
"12/12/2022","38.50","38.50","38.50","38.50","443.60K","0.00%"
"12/09/2022","38.50","38.50","38.50","38.50","565.15K","0.00%"
"12/08/2022","38.50","38.50","38.50","38.50","1.11M","0.00%"
"12/07/2022","38.50","36.80","38.50","38.50","1.36M","4.62%"
"12/06/2022","36.80","36.80","36.80","36.80","3.78M","0.00%"
"12/05/2022","36.80","36.00","36.80","36.80","1.50M","2.22%"
"12/02/2022","36.00","36.00","36.00","36.00","568.82K","0.00%"
"12/01/2022","36.00","33.60","36.00","36.00","631.74K","7.14%"
"11/30/2022","33.60","36.16","33.80","33.60","1.16M","-7.08%"
"11/29/2022","36.16","39.16","36.28","36.16","1.14M","-7.66%"
"11/28/2022","39.16","39.16","39.16","39.16","889.54K","0.00%"
"11/25/2022","39.16","38.40","39.16","39.16","1.21M","1.98%"
"11/24/2022","38.40","35.96","38.40","38.40","1.44M","5.84%"
"11/23/2022","36.28","36.28","36.28","36.28","1.36M","0.00%"
"11/22/2022","36.28","36.28","36.28","36.28","1.58M","0.00%"
"11/21/2022","36.28","33.00","36.28","36.28","7.28M","9.94%"
"11/18/2022","33.00","30.00","33.00","32.80","2.35M","10.00%"
"11/17/2022","30.00","30.00","30.00","30.00","718.55K","0.00%"
"11/16/2022","30.00","29.92","30.00","30.00","7.34M","0.27%"
"11/15/2022","29.92","29.92","29.92","29.92","533.85K","0.00%"
"11/14/2022","29.92","29.92","29.92","29.92","686.15K","0.00%"
"11/11/2022","29.92","30.00","30.20","28.80","13.99M","-0.27%"
"11/10/2022","30.00","31.80","30.00","30.00","666.34K","-5.66%"
"11/09/2022","31.80","31.80","31.80","31.80","988.48K","0.00%"
"11/08/2022","31.80","31.92","31.80","31.80","3.29M","-0.38%"
"11/07/2022","31.92","31.92","31.92","31.92","203.87K","0.00%"
"11/04/2022","31.92","31.92","31.92","31.92","865.73K","0.00%"
"11/03/2022","31.92","32.24","31.92","31.92","3.17M","-0.99%"
"11/02/2022","32.24","33.48","32.24","32.24","360.00K","-3.70%"
"11/01/2022","33.48","33.48","33.48","33.48","404.37K","0.00%"
"10/31/2022","33.48","33.48","33.48","33.48","556.08K","0.00%"
"10/28/2022","33.48","33.48","33.48","33.48","312.49K","0.00%"
"10/27/2022","33.48","33.44","33.48","33.48","1.69M","0.12%"
"10/26/2022","33.44","33.52","33.52","33.44","1.37M","-0.24%"
"10/25/2022","33.52","33.52","33.56","33.36","2.16M","0.00%"
"10/24/2022","33.52","33.60","33.60","32.88","2.38M","-0.24%"
"10/21/2022","33.60","33.52","33.60","33.60","501.50K","0.24%"
"10/20/2022","33.52","33.52","33.52","33.52","500.22K","0.00%"
"10/19/2022","33.52","33.52","33.52","33.52","452.34K","0.00%"
"10/18/2022","33.52","37.16","33.52","33.52","777.73K","-9.80%"
"10/17/2022","37.16","37.16","37.16","37.16","1.17M","0.00%"
"10/14/2022","37.16","38.72","37.16","34.88","4.22M","-4.03%"
"10/13/2022","38.72","38.72","38.72","38.72","473.99K","0.00%"
"10/12/2022","38.72","38.72","38.72","38.72","93.32K","0.00%"
"10/11/2022","38.72","38.72","38.72","38.72","69.68K","0.00%"
"10/07/2022","38.72","38.72","38.72","38.72","84.51K","0.00%"
"10/06/2022","38.72","38.72","38.72","38.72","88.09K","0.00%"
"10/05/2022","38.72","38.72","38.72","38.72","390.84K","0.00%"
"10/04/2022","38.72","38.72","38.72","38.72","296.04K","0.00%"
"09/30/2022","38.72","38.72","38.72","38.72","453.21K","0.00%"
"09/29/2022","38.72","38.72","38.72","38.72","343.96K","0.00%"
"09/28/2022","38.72","38.72","38.72","38.72","1.25M","0.00%"
"09/27/2022","38.72","38.72","38.72","38.72","5.83M","0.00%"
"09/26/2022","38.72","38.72","38.72","38.72","168.16K","0.00%"
"09/23/2022","38.72","38.72","38.72","38.72","67.73K","0.00%"
"09/22/2022","38.72","38.72","38.72","38.72","108.26K","0.00%"
"09/21/2022","38.72","38.72","38.72","38.72","586.53K","0.00%"
"09/20/2022","38.72","38.72","38.72","38.72","390.33K","0.00%"
"09/19/2022","38.72","38.72","38.72","38.72","105.67K","0.00%"
"09/16/2022","38.72","38.72","38.72","38.72","146.93K","0.00%"
"09/15/2022","38.72","38.72","38.72","38.72","535.49K","0.00%"
"09/14/2022","38.72","38.72","38.72","38.72","557.70K","0.00%"
"09/13/2022","38.72","38.72","38.72","38.72","404.97K","0.00%"
"09/12/2022","38.72","38.72","38.72","38.72","876.45K","0.00%"
"09/09/2022","38.72","38.72","38.72","38.72","483.29K","0.00%"
"09/08/2022","38.72","38.72","38.72","38.72","564.40K","0.00%"
"09/07/2022","38.72","38.76","38.72","38.40","1.10M","-0.10%"
"09/06/2022","38.76","39.00","38.76","38.76","1.01M","-0.62%"
"09/05/2022","39.00","37.60","39.00","39.00","539.46K","3.72%"
"09/02/2022","37.60","36.40","37.60","36.48","2.08M","3.30%"
"09/01/2022","36.40","36.40","36.40","36.40","327.91K","0.00%"
"08/31/2022","36.40","36.64","36.40","34.48","1.00M","-0.66%"
"08/30/2022","36.64","36.64","36.64","36.64","794.51K","0.00%"
"08/29/2022","36.64","37.72","36.64","34.88","3.05M","-2.86%"
"08/26/2022","37.72","37.72","37.72","37.72","751.63K","0.00%"
"08/25/2022","37.72","37.72","37.72","37.72","1.46M","0.00%"
"08/24/2022","37.72","37.72","37.72","37.72","1.91M","0.00%"
"08/23/2022","37.72","37.72","37.72","37.72","143.43K","0.00%"
"08/22/2022","37.72","37.72","37.72","37.72","1.54M","0.00%"
"08/19/2022","37.72","37.72","37.72","37.72","411.12K","0.00%"
"08/18/2022","37.72","37.72","37.72","37.72","607.27K","0.00%"
"08/17/2022","37.72","37.72","37.72","37.72","215.48K","0.00%"
"08/16/2022","37.72","37.72","37.72","37.72","203.76K","0.00%"
"08/15/2022","37.72","37.72","37.72","37.72","378.58K","0.00%"
"08/12/2022","37.72","37.72","37.72","37.72","351.98K","0.00%"
"08/11/2022","37.72","37.72","37.72","37.72","798.53K","0.00%"
"08/10/2022","37.72","37.72","37.72","37.72","583.26K","0.00%"
"08/09/2022","37.72","37.72","37.72","37.72","267.69K","0.00%"
"08/08/2022","37.72","37.72","37.72","37.72","393.27K","0.00%"
"08/05/2022","37.72","37.72","37.72","37.72","475.34K","0.00%"
"08/04/2022","37.72","37.72","37.72","37.72","640.39K","0.00%"
"08/03/2022","37.72","38.16","37.72","36.92","3.58M","-1.15%"
"08/02/2022","38.16","38.16","38.16","38.16","885.15K","0.00%"
"08/01/2022","38.16","38.16","38.16","38.16","2.35M","0.00%"
"07/29/2022","38.16","38.16","38.16","38.16","1.72M","0.00%"
"07/28/2022","38.16","38.16","38.16","38.16","1.79M","0.00%"
"07/27/2022","38.16","38.00","38.40","38.16","4.73M","0.42%"
"07/26/2022","38.00","39.80","39.60","38.00","1.91M","-4.52%"
"07/25/2022","39.80","39.80","39.80","39.80","698.12K","0.00%"
"07/22/2022","39.80","39.80","39.80","39.80","3.12M","0.00%"
"07/21/2022","39.80","39.80","39.80","39.80","3.55M","0.00%"
"07/20/2022","39.80","42.40","40.00","39.80","37.97M","-6.13%"
"07/19/2022","42.40","42.40","42.40","42.40","1.55M","0.00%"
"07/18/2022","42.40","44.68","42.40","42.40","1.27M","-5.10%"
"07/15/2022","44.68","44.68","44.68","44.68","457.51K","0.00%"
"07/14/2022","44.68","44.68","44.68","44.68","981.61K","0.00%"
"07/13/2022","44.68","44.68","44.68","44.68","628.56K","0.00%"
"07/08/2022","44.68","44.68","44.68","44.68","313.45K","0.00%"
"07/07/2022","44.68","44.68","44.68","44.68","1.01M","0.00%"
"07/06/2022","44.68","44.68","44.68","44.68","756.77K","0.00%"
"07/05/2022","44.68","44.68","44.68","44.68","278.29K","0.00%"
"07/04/2022","44.68","47.04","44.68","43.24","653.83K","-5.02%"
"07/01/2022","47.04","47.04","47.04","47.04","85.96K","0.00%"
"06/30/2022","47.04","47.20","47.04","44.80","7.28M","-0.34%"
"06/29/2022","47.20","47.20","47.20","47.20","918.82K","0.00%"
"06/28/2022","47.20","46.36","47.20","47.20","627.51K","1.81%"
"06/27/2022","46.36","48.00","46.36","46.36","876.01K","-3.42%"
"06/24/2022","48.00","50.00","48.00","48.00","2.97M","-4.00%"
"06/23/2022","50.00","50.80","50.00","46.44","1.93M","-1.57%"
"06/22/2022","50.80","50.80","50.80","50.80","764.87K","0.00%"
"06/21/2022","50.80","50.80","50.80","50.80","934.94K","0.00%"
"06/20/2022","50.80","50.80","50.80","50.80","366.77K","0.00%"
"06/17/2022","50.80","50.80","50.80","50.80","970.57K","0.00%"
"06/16/2022","50.80","50.80","50.80","50.80","540.95K","0.00%"
"06/15/2022","50.80","50.80","50.80","50.80","100.08K","0.00%"
"06/14/2022","50.80","50.40","50.80","50.80","722.50K","0.79%"
"06/10/2022","50.40","50.40","50.40","50.40","1.29M","0.00%"
"06/09/2022","50.40","50.96","50.40","50.40","1.37M","-1.10%"
"06/08/2022","50.96","50.96","50.96","50.96","533.39K","0.00%"
"06/07/2022","50.96","50.96","50.96","50.96","458.08K","0.00%"
"06/06/2022","50.96","50.96","50.96","50.96","444.41K","0.00%"
"06/03/2022","50.96","47.60","50.96","47.60","2.55M","7.06%"
"06/02/2022","47.60","49.92","47.60","46.16","3.04M","-4.65%"
"06/01/2022","49.92","49.92","49.92","49.92","4.02M","0.00%"
"05/31/2022","49.92","55.44","49.92","49.92","274.94K","-9.96%"
"05/30/2022","55.44","55.44","55.44","55.44","53.93K","0.00%"
"05/27/2022","55.44","61.60","55.44","55.44","134.91K","-10.00%"
"05/26/2022","61.60","61.60","61.60","61.60","96.29K","0.00%"
"05/25/2022","61.60","61.60","61.60","61.60","46.36K","0.00%"
"05/24/2022","61.60","61.60","61.60","61.60","104.99K","0.00%"
"05/23/2022","61.60","61.60","61.60","61.60","38.22K","0.00%"
"05/20/2022","61.60","61.60","61.60","61.60","186.07K","0.00%"
"05/19/2022","61.60","61.60","61.60","61.60","273.28K","0.00%"
"05/18/2022","61.60","61.60","61.60","61.60","1.47M","0.00%"
"05/17/2022","61.60","61.60","61.60","61.60","65.32K","0.00%"
"05/16/2022","61.60","61.60","61.60","61.60","585.43K","0.00%"
"05/13/2022","61.60","61.60","61.60","61.60","1.68M","0.00%"
"05/12/2022","61.60","61.60","61.60","61.60","1.15M","0.00%"
"05/11/2022","61.60","60.04","61.60","61.60","2.94M","2.60%"
"05/10/2022","60.04","61.60","62.80","60.04","10.92M","-2.53%"
"05/09/2022","61.60","56.00","61.60","59.16","12.05M","10.00%"
"05/06/2022","56.00","55.24","59.92","56.00","6.95M","1.38%"
"05/05/2022","55.24","50.24","55.24","51.20","4.14M","9.95%"
"05/04/2022","50.24","45.68","50.24","46.40","4.98M","9.98%"
"04/29/2022","45.68","45.64","45.72","45.64","9.31M","0.09%"
"04/28/2022","45.64","45.64","45.88","44.00","4.64M","0.00%"
"04/27/2022","45.64","46.40","45.64","45.64","4.01M","-1.64%"
"04/26/2022","46.40","42.80","47.08","44.00","9.36M","8.41%"
"04/25/2022","42.80","38.96","42.80","39.20","2.95M","9.86%"
"04/22/2022","38.96","38.52","39.20","38.96","7.25M","1.14%"
"04/21/2022","38.52","38.40","39.20","37.60","19.08M","0.31%"
"04/20/2022","38.40","35.36","38.40","36.80","6.14M","8.60%"
"04/19/2022","35.36","35.96","35.36","35.36","962.08K","-1.67%"
"04/14/2022","35.96","35.00","35.96","35.96","696.26K","2.74%"
"04/13/2022","35.00","34.68","35.00","32.00","13.84M","0.92%"
"04/12/2022","34.68","32.16","35.12","32.00","19.38M","7.84%"
"04/11/2022","32.16","32.16","32.16","32.16","103.11K","0.00%"
"04/08/2022","32.16","32.00","32.16","32.16","1.42M","0.50%"
"04/07/2022","32.00","32.00","32.00","31.92","6.13M","0.00%"
"04/06/2022","32.00","32.36","32.00","32.00","2.52M","-1.11%"
"04/05/2022","32.36","32.36","32.36","32.36","224.65K","0.00%"
"04/04/2022","32.36","32.36","32.36","32.36","633.44K","0.00%"
"04/01/2022","32.36","32.36","32.36","32.36","334.32K","0.00%"
"03/31/2022","32.36","35.60","32.36","32.36","972.69K","-9.10%"
"03/30/2022","35.60","35.60","35.60","35.60","1.82M","0.00%"
"03/29/2022","35.60","35.60","35.60","35.60","52.31K","0.00%"
"03/28/2022","35.60","35.60","35.60","35.60","1.48M","0.00%"
"03/25/2022","35.60","35.60","35.60","35.60","376.37K","0.00%"
"03/24/2022","35.60","35.60","35.60","35.60","1.28M","0.00%"
"03/23/2022","35.60","35.60","35.60","35.60","511.43K","0.00%"
"03/22/2022","35.60","35.60","35.60","35.60","560.46K","0.00%"
"03/21/2022","35.60","35.60","35.60","35.60","481.90K","0.00%"
"03/18/2022","35.60","35.60","35.60","35.60","359.17K","0.00%"
"03/17/2022","35.60","36.32","35.60","35.60","4.87M","-1.98%"
"03/16/2022","36.32","36.32","36.32","36.32","86.63K","0.00%"
"03/15/2022","36.32","36.40","36.40","36.00","6.15M","-0.22%"
"03/14/2022","36.40","36.80","36.40","36.40","4.59M","-1.09%"
"03/11/2022","36.80","37.00","36.80","36.80","6.04M","-0.54%"
"03/10/2022","37.00","37.36","38.28","37.00","2.34M","-3.44%"
"03/09/2022","38.32","37.20","38.32","37.20","6.17M","3.01%"
"03/08/2022","37.20","38.40","37.20","37.20","8.92M","-3.13%"
"03/07/2022","38.40","38.40","38.40","38.40","223.40K","0.00%"
"03/04/2022","38.40","38.40","38.40","38.40","485.09K","0.00%"
"03/03/2022","38.40","38.40","38.40","38.40","278.36K","0.00%"
"03/02/2022","38.40","38.40","38.40","38.40","2.44M","0.00%"
"03/01/2022","38.40","38.40","38.40","38.40","1.47M","0.00%"
"02/28/2022","38.40","38.40","38.40","38.40","415.97K","0.00%"
"02/25/2022","38.40","38.40","38.40","38.40","4.50M","0.00%"
"02/24/2022","38.40","38.56","38.40","38.40","8.52M","-0.41%"
"02/23/2022","38.56","38.40","38.56","38.56","535.32K","0.42%"
"02/22/2022","38.40","38.40","38.40","38.40","1.15M","0.00%"
"02/21/2022","38.40","38.40","38.44","38.40","2.63M","0.00%"
"02/18/2022","38.40","38.00","38.76","38.40","26.75M","1.05%"
"02/17/2022","38.00","38.00","38.40","38.00","2.04M","0.00%"
"02/16/2022","38.00","38.00","38.40","37.92","21.05M","0.00%"
"02/15/2022","38.00","38.24","38.24","38.00","1.81M","-0.63%"
"02/14/2022","38.24","38.36","38.36","38.24","2.08M","-0.31%"
"02/11/2022","38.36","38.40","38.40","38.36","12.16M","-0.10%"
"02/10/2022","38.40","38.40","38.40","38.40","5.48M","0.00%"
"02/09/2022","38.40","38.40","38.40","38.40","399.31K","0.00%"
"02/08/2022","38.40","38.40","38.40","38.40","5.32M","0.00%"
"02/07/2022","38.40","38.40","38.40","38.40","22.72M","0.00%"
"02/04/2022","38.40","38.40","38.40","38.40","1.63M","0.00%"
"02/03/2022","38.40","38.40","38.44","38.40","8.34M","0.00%"
"02/02/2022","38.40","38.76","38.40","38.40","24.00M","-0.93%"
"02/01/2022","38.76","38.76","38.76","38.76","570.76K","0.00%"
"01/31/2022","38.76","38.80","38.76","38.40","1.22M","-0.10%"
"01/28/2022","38.80","38.80","38.80","38.80","731.58K","0.00%"
"01/27/2022","38.80","37.88","38.80","38.44","2.84M","2.43%"
"01/26/2022","37.88","37.84","37.88","37.84","16.71M","0.11%"
"01/25/2022","37.84","37.84","37.84","37.84","7.74M","0.00%"
"01/24/2022","37.84","38.40","37.84","37.84","5.50M","-1.46%"
"01/21/2022","38.40","37.84","38.40","37.84","6.61M","1.48%"
"01/20/2022","37.84","37.84","37.84","37.84","624.30K","0.00%"
"01/19/2022","37.84","37.84","37.84","37.84","5.36M","0.00%"
"01/18/2022","37.84","37.84","37.84","37.84","3.87M","0.00%"
"01/17/2022","37.84","36.80","38.00","37.60","7.88M","2.83%"
"01/14/2022","36.80","36.40","36.80","36.80","3.32M","1.10%"
"01/13/2022","36.40","36.40","36.80","36.40","7.53M","0.00%"
"01/12/2022","36.40","36.40","36.40","36.40","6.17M","0.00%"
"01/11/2022","36.40","38.40","36.40","36.40","1.06M","-5.21%"
"01/10/2022","38.40","38.40","38.40","38.40","526.81K","0.00%"
"01/07/2022","38.40","38.40","38.40","38.40","128.12K","0.00%"
"01/06/2022","38.40","38.40","38.40","38.40","118.86K","0.00%"
"01/05/2022","38.40","38.40","38.40","38.40","5.07M","0.00%"
"01/04/2022","38.40","40.00","38.40","38.40","6.07M","-4.00%"
"12/31/2021","40.00","38.40","40.00","36.36","2.88M","4.17%"
"12/30/2021","38.40","38.40","38.40","38.40","36.42K","0.00%"
"12/29/2021","38.40","38.40","38.40","38.40","144.19K","0.00%"
"12/24/2021","38.40","38.40","38.40","38.40","216.10K","0.00%"
"12/23/2021","38.40","38.40","38.40","38.40","510.29K","0.00%"
"12/22/2021","38.40","38.40","38.40","38.40","46.81K","0.00%"
"12/21/2021","38.40","38.40","38.40","38.40","64.90K","0.00%"
"12/20/2021","38.40","38.40","38.40","38.40","3.23M","0.00%"
"12/17/2021","38.40","38.40","38.40","38.40","211.53K","0.00%"
"12/16/2021","38.40","38.40","38.40","38.40","276.73K","0.00%"
"12/15/2021","38.40","38.00","38.40","38.00","8.78M","1.05%"
"12/14/2021","38.00","37.60","38.00","38.00","3.62M","1.06%"
"12/13/2021","37.60","37.60","37.60","37.60","1.48M","0.00%"
"12/10/2021","37.60","37.60","37.60","37.60","1.19M","0.00%"
"12/09/2021","37.60","37.56","37.60","37.60","938.38K","0.11%"
"12/08/2021","37.56","37.56","37.56","37.56","187.79K","0.00%"
"12/07/2021","37.56","37.56","37.56","37.56","139.21K","0.00%"
"12/06/2021","37.56","37.56","37.56","37.56","123.90K","0.00%"
"12/03/2021","37.56","37.56","37.56","37.56","231.54K","0.00%"
"12/02/2021","37.56","37.44","37.56","37.28","6.27M","0.32%"
"12/01/2021","37.44","37.20","37.44","37.44","706.28K","0.65%"
"11/30/2021","37.20","37.20","37.20","37.20","243.50K","0.00%"
"11/29/2021","37.20","37.20","37.20","37.20","191.71K","0.00%"
"11/26/2021","37.20","38.40","37.20","37.20","1.14M","-3.13%"
"11/25/2021","38.40","40.48","38.40","37.60","10.72M","-5.14%"
"11/24/2021","40.48","40.48","40.48","40.48","1.21M","0.00%"
"11/23/2021","40.48","40.48","40.48","40.48","525.14K","0.00%"
"11/22/2021","40.48","40.48","40.48","40.48","144.07K","-0.78%"
"11/19/2021","40.80","42.00","41.60","40.80","9.54M","-2.86%"
"11/18/2021","42.00","42.00","42.00","41.60","3.03M","0.00%"
"11/17/2021","42.00","42.00","42.00","42.00","9.57M","0.00%"
"11/16/2021","42.00","42.00","42.00","42.00","15.67M","0.00%"
"11/15/2021","42.00","42.00","42.00","42.00","732.45K","0.00%"
"11/12/2021","42.00","42.00","42.00","42.00","624.75K","0.00%"
"11/11/2021","42.00","42.00","42.00","42.00","392.26K","0.00%"
"11/10/2021","42.00","42.00","42.00","42.00","90.94K","0.00%"
"11/09/2021","42.00","42.00","42.00","42.00","177.31K","0.00%"
"11/08/2021","42.00","42.00","42.00","42.00","115.90K","0.00%"
"11/05/2021","42.00","42.00","42.00","42.00","438.18K","0.00%"
"11/04/2021","42.00","42.00","42.00","42.00","826.37K","0.00%"
"11/03/2021","42.00","42.00","42.00","42.00","429.61K","0.00%"
"11/02/2021","42.00","42.00","42.00","42.00","307.96K","0.00%"
"11/01/2021","42.00","42.40","42.00","42.00","3.43M","-0.94%"
"10/29/2021","42.40","43.40","42.40","42.00","1.70M","-2.30%"
"10/28/2021","43.40","40.80","43.40","41.20","1.07M","6.37%"
"10/27/2021","40.80","40.00","40.80","40.00","4.60M","2.00%"
"10/26/2021","40.00","41.16","40.00","39.20","17.45M","-2.82%"
"10/25/2021","41.16","41.16","41.16","41.16","2.87M","0.00%"
"10/22/2021","41.16","41.16","41.16","41.16","302.55K","0.00%"
"10/21/2021","41.16","38.32","41.16","41.16","477.98K","7.41%"
"10/20/2021","38.32","38.32","38.32","38.32","877.21K","0.00%"
"10/18/2021","38.32","38.32","38.32","38.32","533.83K","0.00%"
"10/15/2021","38.32","37.60","38.32","37.60","9.61M","1.91%"
"10/14/2021","37.60","37.20","37.60","37.60","811.02K","1.08%"
"10/13/2021","37.20","37.20","37.20","37.20","1.87M","0.00%"
"10/12/2021","37.20","37.20","37.20","37.20","777.75K","0.00%"
"10/11/2021","37.20","39.60","37.20","37.20","2.26M","-6.06%"
"10/08/2021","39.60","39.60","39.60","39.60","89.99K","0.00%"
"10/07/2021","39.60","39.60","39.60","39.60","1.54M","0.00%"
"10/06/2021","39.60","39.60","39.60","39.60","260.85K","0.00%"
"10/05/2021","39.60","39.60","39.60","39.60","105.26K","0.00%"
"10/04/2021","39.60","39.60","39.60","39.60","459.43K","0.00%"
"09/30/2021","39.60","39.00","40.00","38.64","7.88M","1.54%"
"09/29/2021","39.00","39.00","39.00","39.00","360.76K","0.00%"
"09/28/2021","39.00","39.00","39.00","39.00","395.42K","0.00%"
"09/27/2021","39.00","39.00","39.00","39.00","64.38K","0.00%"
"09/24/2021","39.00","39.00","39.00","39.00","133.82K","0.00%"
"09/23/2021","39.00","39.00","39.00","39.00","145.37K","0.00%"
"09/22/2021","39.00","39.00","39.00","39.00","360.71K","0.00%"
"09/21/2021","39.00","39.00","39.00","39.00","182.27K","0.00%"
"09/20/2021","39.00","39.00","39.00","39.00","211.17K","0.00%"
"09/17/2021","39.00","39.00","39.00","39.00","169.28K","0.00%"
"09/16/2021","39.00","39.00","39.00","39.00","647.60K","0.00%"
"09/15/2021","39.00","39.00","39.00","39.00","267.81K","0.00%"
"09/14/2021","39.00","39.00","39.00","39.00","317.91K","0.00%"
"09/13/2021","39.00","38.92","39.00","39.00","723.02K","0.21%"
"09/10/2021","38.92","38.92","38.92","38.92","242.83K","0.00%"
"09/09/2021","38.92","38.44","38.92","38.92","12.50M","1.25%"
"09/08/2021","38.44","38.44","38.44","38.44","199.11K","0.00%"
"09/07/2021","38.44","38.40","38.44","38.44","936.92K","0.10%"
"09/06/2021","38.40","38.40","38.40","38.40","343.26K","0.00%"
"09/03/2021","38.40","38.40","38.40","38.40","345.60K","0.00%"
"09/02/2021","38.40","38.40","38.40","38.40","585.72K","0.00%"
"09/01/2021","38.40","39.56","38.40","38.40","2.69M","-2.93%"
"08/31/2021","39.56","43.92","39.56","39.56","4.25M","-9.93%"
"08/30/2021","43.92","41.60","43.92","43.92","364.93K","5.58%"
"08/27/2021","41.60","41.60","41.60","41.60","769.62K","0.00%"
"08/26/2021","41.60","41.60","41.60","41.60","372.28K","0.00%"
"08/25/2021","41.60","41.60","41.60","41.60","644.26K","0.00%"
"08/24/2021","41.60","41.60","41.60","41.60","534.80K","0.00%"
"08/23/2021","41.60","41.60","41.60","41.60","55.79K","0.00%"
"08/20/2021","41.60","41.60","41.60","41.60","477.36K","0.00%"
"08/19/2021","41.60","45.60","41.60","41.60","513.78K","-8.77%"
"08/18/2021","45.60","45.60","45.60","45.60","290.22K","0.00%"
"08/17/2021","45.60","45.60","45.60","45.60","211.88K","0.00%"
"08/16/2021","45.60","45.60","45.60","45.60","331.43K","0.00%"
"08/13/2021","45.60","45.60","45.60","45.60","151.50K","0.00%"
"08/12/2021","45.60","45.60","45.60","45.60","1.68M","0.00%"
"08/11/2021","45.60","45.60","45.60","45.60","90.53K","0.00%"
"08/10/2021","45.60","45.60","45.60","45.60","237.39K","0.00%"
"08/09/2021","45.60","45.60","45.60","45.60","314.29K","0.00%"
"08/06/2021","45.60","45.60","45.60","45.60","165.14K","0.00%"
"08/05/2021","45.60","45.60","45.60","45.60","219.73K","0.00%"
"08/04/2021","45.60","45.60","45.60","45.60","368.33K","0.00%"
"08/03/2021","45.60","46.00","45.60","44.80","2.02M","-0.87%"
"08/02/2021","46.00","46.00","46.00","46.00","94.16K","0.00%"
"07/30/2021","46.00","46.40","46.00","46.00","2.70M","-0.86%"
"07/29/2021","46.40","46.40","46.40","46.40","682.86K","0.00%"
"07/28/2021","46.40","46.40","46.40","46.40","360.31K","0.00%"
"07/27/2021","46.40","46.40","46.40","46.40","1.42M","0.00%"
"07/26/2021","46.40","46.40","46.40","46.40","1.20M","0.00%"
"07/23/2021","46.40","46.40","46.40","46.40","291.29K","0.00%"
"07/22/2021","46.40","46.40","46.40","46.40","2.12M","0.00%"
"07/19/2021","46.40","46.40","46.40","46.40","3.00M","0.00%"
"07/16/2021","46.40","46.40","46.40","46.40","84.95K","0.00%"
"07/15/2021","46.40","48.00","46.40","46.40","1.57M","-3.33%"
"07/14/2021","48.00","48.00","48.00","48.00","195.52K","0.00%"
"07/13/2021","48.00","48.00","48.00","48.00","123.44K","0.00%"
"07/12/2021","48.00","48.00","48.00","48.00","655.85K","0.00%"
"07/09/2021","48.00","48.00","48.00","48.00","50.36K","0.00%"
"07/08/2021","48.00","48.00","48.00","48.00","2.23M","0.00%"
"07/07/2021","48.00","48.00","48.00","48.00","1.20M","0.00%"
"07/06/2021","48.00","48.00","48.00","48.00","1.07M","0.00%"
"07/05/2021","48.00","48.00","48.00","48.00","362.07K","0.00%"
"07/02/2021","48.00","48.00","48.00","48.00","191.68K","0.00%"
"07/01/2021","48.00","48.00","48.00","48.00","345.84K","0.00%"
"06/30/2021","48.00","48.00","48.00","48.00","224.70K","0.00%"
"06/29/2021","48.00","47.88","48.00","47.84","6.89M","0.25%"
"06/28/2021","47.88","47.88","47.88","47.88","376.84K","0.00%"
"06/25/2021","47.88","47.88","47.88","47.88","67.40K","0.00%"
"06/24/2021","47.88","47.36","47.88","47.88","695.73K","1.10%"
"06/23/2021","47.36","47.36","47.36","47.36","300.00K","0.00%"
"06/22/2021","47.36","47.20","47.36","47.20","3.44M","0.34%"
"06/21/2021","47.20","47.20","47.20","47.20","2.50M","0.00%"
"06/18/2021","47.20","47.20","47.20","47.20","65.90K","0.00%"
"06/17/2021","47.20","46.64","48.00","47.20","1.97M","1.20%"
"06/16/2021","46.64","46.64","46.64","46.64","102.06K","0.00%"
"06/15/2021","46.64","46.64","46.64","46.64","46.96K","0.00%"
"06/11/2021","46.64","47.20","46.64","46.64","612.67K","-1.19%"
"06/10/2021","47.20","47.20","47.20","47.20","275.99K","0.00%"
"06/09/2021","47.20","47.24","47.20","47.20","2.65M","-0.08%"
"06/08/2021","47.24","47.24","47.24","47.24","402.96K","0.00%"
"06/07/2021","47.24","47.24","47.24","47.24","604.69K","0.00%"
"06/04/2021","47.24","47.20","47.24","47.20","6.03M","0.08%"
"06/03/2021","47.20","46.80","47.20","47.20","656.28K","0.85%"
"06/02/2021","46.80","46.80","46.80","46.80","47.49K","0.00%"
"06/01/2021","46.80","46.80","46.80","46.80","1.45M","0.00%"
"05/31/2021","46.80","46.80","46.80","46.80","472.46K","0.00%"
"05/28/2021","46.80","46.56","46.80","46.80","1.16M","0.52%"
"05/27/2021","46.56","46.40","46.56","46.56","834.92K","0.34%"
"05/26/2021","46.40","46.00","46.40","46.32","1.22M","0.87%"
"05/25/2021","46.00","46.00","46.00","46.00","298.87K","0.00%"
"05/24/2021","46.00","44.80","46.00","45.84","1.99M","2.68%"
"05/21/2021","44.80","44.80","44.80","44.80","130.80K","0.00%"
"05/20/2021","44.80","43.84","44.80","44.80","771.70K","2.19%"
"05/19/2021","43.84","43.84","43.84","43.84","161.28K","0.00%"
"05/18/2021","43.84","43.84","43.84","43.84","542.79K","0.00%"
"05/17/2021","43.84","43.84","43.84","43.84","697.50K","0.00%"
"05/14/2021","43.84","43.84","43.84","43.84","61.39K","0.00%"
"05/11/2021","43.84","43.84","43.84","43.84","107.93K","0.00%"
"05/10/2021","43.84","43.84","43.84","43.84","187.77K","0.00%"
"05/07/2021","43.84","43.84","43.84","43.84","246.53K","0.00%"
"05/06/2021","43.84","43.84","43.84","43.84","351.85K","0.00%"
"05/05/2021","43.84","43.84","43.84","43.84","199.27K","0.00%"
"05/04/2021","43.84","43.84","43.84","43.84","395.53K","0.00%"
"04/30/2021","43.84","43.20","43.84","43.76","3.66M","1.48%"
"04/29/2021","43.20","43.20","43.20","43.20","147.15K","0.00%"
"04/28/2021","43.20","41.60","43.20","41.76","2.41M","3.85%"
"04/27/2021","41.60","41.60","41.60","41.60","243.17K","0.00%"
"04/26/2021","41.60","40.96","41.60","41.60","1.74M","1.56%"
"04/23/2021","40.96","40.08","40.96","40.96","1.23M","2.20%"
"04/22/2021","40.08","40.08","40.08","40.08","156.92K","0.00%"
"04/21/2021","40.08","40.08","40.08","40.08","383.11K","0.00%"
"04/20/2021","40.08","40.08","40.08","40.08","383.69K","0.00%"
"04/19/2021","40.08","40.08","40.08","40.08","614.96K","0.00%"
"04/16/2021","40.08","40.08","40.08","40.08","150.12K","0.00%"
"04/15/2021","40.08","40.08","40.08","40.08","126.27K","0.00%"
"04/14/2021","40.08","40.08","40.08","40.08","325.87K","0.00%"
"04/13/2021","40.08","40.08","40.08","40.08","873.69K","0.00%"
"04/12/2021","40.08","40.80","40.08","40.08","252.20K","-1.76%"
"04/09/2021","40.80","40.80","40.80","40.80","415.24K","0.00%"
"04/08/2021","40.80","40.80","40.80","40.80","145.80K","0.00%"
"04/07/2021","40.80","40.80","40.80","40.80","311.09K","0.00%"
"04/06/2021","40.80","40.80","40.80","40.80","130.74K","0.00%"
"04/01/2021","40.80","38.80","40.80","40.00","2.13M","5.15%"
"03/31/2021","38.80","38.80","38.80","38.80","287.87K","0.00%"
"03/30/2021","38.80","38.80","38.80","38.80","114.47K","0.00%"
"03/29/2021","38.80","38.80","38.80","38.80","75.97K","0.00%"
"03/26/2021","38.80","38.80","38.84","38.80","1.17M","0.00%"
"03/25/2021","38.80","38.80","38.80","38.80","307.84K","0.00%"
"03/24/2021","38.80","38.40","38.80","38.80","4.33M","1.04%"
"03/23/2021","38.40","37.60","38.40","38.40","11.77M","2.13%"
"03/22/2021","37.60","37.60","37.60","37.60","256.96K","0.00%"
"03/19/2021","37.60","37.60","37.60","37.60","431.38K","0.00%"
"03/18/2021","37.60","37.60","37.60","37.60","257.83K","0.00%"
"03/17/2021","37.60","37.60","37.60","37.60","148.46K","0.00%"
"03/16/2021","37.60","37.60","37.60","37.60","128.59K","0.00%"
"03/15/2021","37.60","39.72","37.60","37.60","429.80K","-5.34%"
"03/12/2021","39.72","39.44","40.00","39.72","7.64M","0.71%"
"03/11/2021","39.44","39.44","39.44","39.44","180.60K","-1.40%"
"03/10/2021","40.00","39.60","40.00","40.00","11.88M","1.01%"
"03/09/2021","39.60","39.60","39.60","39.60","228.57K","0.00%"
"03/08/2021","39.60","39.60","39.60","39.60","513.53K","0.00%"
"03/05/2021","39.60","40.00","39.60","39.60","452.69K","-1.00%"
"03/04/2021","40.00","41.60","40.00","40.00","871.73K","-3.85%"
"03/03/2021","41.60","41.60","41.60","41.60","411.54K","0.00%"
"03/02/2021","41.60","41.60","41.60","41.60","429.79K","0.00%"
"03/01/2021","41.60","41.60","41.60","41.60","229.68K","0.00%"
"02/26/2021","41.60","41.60","41.60","41.60","596.36K","0.00%"
"02/25/2021","41.60","43.20","41.60","41.60","7.67M","-3.70%"
"02/24/2021","43.20","43.20","43.20","43.20","739.37K","0.00%"
"02/23/2021","43.20","47.20","43.20","43.20","777.83K","-8.47%"
"02/22/2021","47.20","47.20","47.20","47.20","342.88K","0.00%"
"02/19/2021","47.20","47.20","47.20","47.20","694.95K","0.00%"
"02/18/2021","47.20","47.20","47.20","47.20","271.01K","0.00%"
"02/17/2021","47.20","47.20","47.20","47.20","304.48K","0.00%"
"02/16/2021","47.20","48.80","47.20","47.20","857.12K","-3.28%"
"02/15/2021","48.80","48.80","48.80","48.80","394.02K","0.00%"
"02/12/2021","48.80","48.80","48.80","48.80","117.76K","0.00%"
"02/11/2021","48.80","48.80","48.80","48.80","366.00K","0.00%"
"02/10/2021","48.80","48.80","48.80","48.80","4.33M","0.00%"
"02/09/2021","48.80","48.80","48.80","48.80","132.44K","0.00%"
"02/08/2021","48.80","48.80","48.80","48.80","234.68K","0.00%"
"02/05/2021","48.80","48.80","48.80","48.80","336.88K","0.00%"
"02/04/2021","48.80","48.80","48.80","48.80","1.73M","0.00%"
"02/03/2021","48.80","48.80","48.80","48.80","1.40M","0.00%"
"02/02/2021","48.80","50.40","48.80","48.80","1.23M","-3.17%"
"02/01/2021","50.40","50.40","50.40","50.40","1.22M","0.00%"
"01/29/2021","50.40","50.40","50.40","50.40","1.82M","0.00%"
"01/28/2021","50.40","48.80","50.40","50.40","525.55K","3.28%"
"01/27/2021","48.80","48.80","48.80","48.80","6.03M","0.00%"
"01/26/2021","48.80","48.80","48.80","48.00","3.77M","0.00%"
"01/25/2021","48.80","48.80","48.80","48.80","235.14K","0.00%"
"01/22/2021","48.80","48.80","48.80","48.80","91.92K","0.00%"
"01/21/2021","48.80","48.80","48.80","48.80","8.83M","0.00%"
"01/20/2021","48.80","48.80","48.80","48.80","391.44K","0.00%"
"01/19/2021","48.80","48.00","48.80","48.80","608.51K","1.67%"
"01/18/2021","48.00","48.00","48.00","48.00","253.02K","0.00%"
"01/15/2021","48.00","46.44","48.00","48.00","1.87M","3.36%"
"01/14/2021","46.44","46.40","46.44","46.40","1.43M","0.09%"
"01/13/2021","46.40","46.40","46.40","46.40","3.85M","0.00%"
"01/12/2021","46.40","46.40","46.40","46.40","441.65K","0.00%"
"01/11/2021","46.40","46.40","46.40","46.40","273.56K","0.00%"
"01/08/2021","46.40","46.40","46.40","46.40","997.97K","0.00%"
"01/07/2021","46.40","44.80","46.40","46.40","3.11M","3.57%"
"01/06/2021","44.80","44.80","44.80","44.80","510.85K","0.00%"
"01/05/2021","44.80","44.80","44.80","44.80","13.54M","0.00%"
"01/04/2021","44.80","44.80","44.80","44.80","136.75K","0.00%"
"12/31/2020","44.80","44.80","44.80","44.80","341.79K","0.00%"
"12/30/2020","44.80","44.80","44.80","44.80","1.97M","0.00%"
"12/29/2020","44.80","44.80","44.80","44.80","91.22K","0.00%"
"12/24/2020","44.80","44.80","44.80","44.80","262.23K","0.00%"
"12/23/2020","44.80","44.00","44.80","44.80","4.07M","1.82%"
"12/22/2020","44.00","44.00","44.00","44.00","283.95K","0.00%"
"12/21/2020","44.00","44.00","44.00","44.00","442.22K","0.00%"
"12/18/2020","44.00","44.00","44.00","44.00","359.37K","0.00%"
"12/17/2020","44.00","44.00","44.00","44.00","392.81K","0.00%"
"12/16/2020","44.00","44.00","44.00","44.00","1.57M","0.00%"
"12/15/2020","44.00","44.00","44.00","44.00","667.00K","0.00%"
"12/14/2020","44.00","44.00","44.00","44.00","382.42K","0.00%"
"12/11/2020","44.00","44.00","44.00","44.00","825.16K","0.00%"
"12/10/2020","44.00","44.00","44.00","44.00","1.21M","0.00%"
"12/09/2020","44.00","44.00","44.00","44.00","305.34K","0.00%"
"12/08/2020","44.00","44.00","44.00","44.00","311.36K","0.00%"
"12/07/2020","44.00","44.80","44.00","44.00","15.24M","-1.79%"
"12/04/2020","44.80","44.80","44.80","44.80","94.88K","0.00%"
"12/03/2020","44.80","44.80","44.80","44.80","284.55K","0.00%"
"12/02/2020","44.80","48.20","44.80","44.80","7.87M","-7.05%"
"12/01/2020","48.20","48.20","48.20","48.20","678.06K","0.00%"
"11/30/2020","48.20","48.20","48.20","48.20","704.58K","0.00%"
"11/27/2020","48.20","48.20","48.20","48.20","235.21K","0.00%"
"11/26/2020","48.20","48.20","48.20","48.20","460.74K","0.00%"
"11/25/2020","48.20","48.20","48.20","48.20","171.00K","0.00%"
"11/24/2020","48.20","48.20","48.20","48.20","924.96K","0.00%"
"11/23/2020","48.20","48.20","48.20","48.20","357.75K","-0.41%"
"11/20/2020","48.40","48.40","48.40","48.40","598.31K","0.00%"
"11/19/2020","48.40","46.40","48.40","46.60","891.71K","4.31%"
"11/18/2020","46.40","43.20","46.40","43.20","6.01M","7.41%"
"11/17/2020","43.20","46.40","43.20","43.20","6.66M","-6.90%"
"11/16/2020","46.40","50.48","46.40","46.40","1.70M","-8.08%"
"11/13/2020","50.48","50.48","50.48","50.48","2.92M","0.00%"
"11/12/2020","50.48","46.00","50.60","48.08","1.45M","9.74%"
"11/11/2020","46.00","42.00","46.00","45.76","2.28M","9.52%"
"11/10/2020","42.00","41.60","42.00","42.00","12.84M","0.96%"
"11/09/2020","41.60","41.60","41.60","41.60","465.13K","0.00%"
"11/06/2020","41.60","41.60","41.60","41.60","254.50K","0.00%"
"11/05/2020","41.60","41.60","41.60","41.60","16.47M","0.00%"
"11/04/2020","41.60","41.60","41.60","41.60","274.32K","0.00%"
"11/03/2020","41.60","41.60","41.60","41.60","446.36K","0.00%"
"11/02/2020","41.60","41.60","41.60","41.60","433.66K","0.00%"
"10/30/2020","41.60","41.60","41.60","41.60","1.24M","0.00%"
"10/28/2020","41.60","41.60","41.60","41.60","358.77K","0.00%"
"10/27/2020","41.60","41.60","41.60","41.60","676.53K","0.00%"
"10/26/2020","41.60","41.60","41.60","41.60","2.27M","0.00%"
"10/23/2020","41.60","41.60","41.60","41.20","3.60M","0.00%"
"10/22/2020","41.60","41.60","41.60","41.60","236.36K","0.00%"
"10/21/2020","41.60","41.20","41.60","41.16","7.45M","0.97%"
"10/20/2020","41.20","39.36","41.20","41.20","1.55M","4.67%"
"10/19/2020","39.36","39.36","39.36","39.36","203.63K","0.00%"
"10/16/2020","39.36","39.36","39.36","39.36","710.89K","0.00%"
"10/15/2020","39.36","39.28","39.36","39.36","1.08M","0.20%"
"10/14/2020","39.28","39.28","39.28","39.28","193.69K","0.00%"
"10/13/2020","39.28","38.88","39.28","39.28","4.02M","1.03%"
"10/12/2020","38.88","38.88","38.88","38.88","206.67K","0.00%"
"10/09/2020","38.88","38.88","38.88","38.88","287.88K","0.00%"
"10/08/2020","38.88","41.84","38.88","38.88","548.28K","-7.07%"
"10/07/2020","41.84","41.84","41.84","41.84","596.90K","0.00%"
"10/06/2020","41.84","39.04","41.84","40.08","3.32M","7.17%"
"10/05/2020","39.04","39.20","39.04","39.04","991.33K","-0.41%"
"10/02/2020","39.20","39.20","39.20","39.20","490.34K","0.00%"
"09/30/2020","39.20","42.04","39.20","39.20","4.92M","-6.76%"
"09/29/2020","42.04","42.04","42.04","42.04","328.35K","0.00%"
"09/28/2020","42.04","42.04","42.04","42.04","800.97K","0.00%"
"09/25/2020","42.04","38.28","42.04","42.04","1.37M","9.82%"
"09/24/2020","38.28","34.80","38.28","35.04","1.70M","10.00%"
"09/23/2020","34.80","33.60","34.80","34.40","7.71M","3.57%"
"09/22/2020","33.60","33.60","33.60","33.60","334.09K","0.00%"
"09/21/2020","33.60","33.60","33.60","33.60","332.49K","0.00%"
"09/18/2020","33.60","33.60","33.60","33.60","451.88K","0.00%"
"09/17/2020","33.60","33.60","33.60","33.60","140.39K","0.00%"
"09/16/2020","33.60","32.84","33.60","33.60","683.54K","2.31%"
"09/15/2020","32.84","32.84","32.84","32.84","213.63K","0.00%"
"09/14/2020","32.84","32.84","32.84","32.84","475.33K","0.00%"
"09/11/2020","32.84","32.84","32.84","32.84","362.50K","0.00%"
"09/10/2020","32.84","32.80","32.84","32.84","1.22M","0.12%"
"09/09/2020","32.80","32.80","32.80","32.80","450.58K","0.00%"
"09/08/2020","32.80","32.00","32.80","32.48","5.44M","2.50%"
"09/07/2020","32.00","32.00","32.00","32.00","338.34K","0.00%"
"09/04/2020","32.00","32.00","32.00","32.00","1.40M","0.00%"
"09/03/2020","32.00","32.00","32.00","32.00","301.86K","0.00%"
"09/02/2020","32.00","31.20","32.00","32.00","3.49M","2.56%"
"09/01/2020","31.20","29.60","31.20","31.20","2.68M","5.41%"
"08/31/2020","29.60","29.60","29.60","29.60","210.09K","0.00%"
"08/28/2020","29.60","29.60","29.60","29.60","875.33K","0.00%"
"08/27/2020","29.60","28.80","29.60","29.60","463.58K","2.78%"
"08/26/2020","28.80","28.80","28.80","28.80","292.15K","0.00%"
"08/25/2020","28.80","28.80","28.80","28.80","186.92K","0.00%"
"08/24/2020","28.80","28.80","28.80","28.80","597.04K","0.00%"
"08/21/2020","28.80","28.00","28.80","28.04","11.41M","2.86%"
"08/20/2020","28.00","28.00","28.00","28.00","365.92K","0.00%"
"08/19/2020","28.00","28.00","28.00","28.00","350.99K","0.00%"
"08/18/2020","28.00","28.80","28.00","28.00","3.34M","-2.78%"
"08/17/2020","28.80","28.80","28.80","28.80","164.54K","0.00%"
"08/14/2020","28.80","28.80","28.80","28.80","185.80K","0.00%"
"08/13/2020","28.80","27.20","28.80","28.80","641.15K","5.88%"
"08/12/2020","27.20","27.20","27.20","27.20","278.79K","0.00%"
"08/11/2020","27.20","25.60","27.20","26.28","2.09M","6.25%"
"08/10/2020","25.60","25.60","25.60","25.60","406.76K","0.00%"
"08/07/2020","25.60","25.60","25.60","25.60","457.71K","0.00%"
"08/06/2020","25.60","25.60","25.60","25.60","741.71K","0.00%"
"08/05/2020","25.60","25.60","25.60","25.60","261.97K","0.00%"
"08/04/2020","25.60","24.80","25.60","25.60","11.09M","3.23%"
"08/03/2020","24.80","24.80","24.80","24.80","308.20K","0.00%"
"07/29/2020","24.80","24.80","24.80","24.80","242.07K","0.00%"
"07/28/2020","24.80","24.80","24.80","24.80","2.32M","0.00%"
"07/27/2020","24.80","24.80","24.80","24.80","199.35K","0.00%"
"07/24/2020","24.80","24.80","24.80","24.80","12.15M","0.00%"
"07/23/2020","24.80","24.80","24.80","24.80","391.57K","0.00%"
"07/22/2020","24.80","24.80","24.80","24.80","65.77M","0.00%"
"07/21/2020","24.80","24.00","24.80","24.80","25.26M","3.33%"
"07/20/2020","24.00","24.00","24.00","24.00","9.62M","0.00%"
"07/17/2020","24.00","24.56","24.00","24.00","14.58M","-2.28%"
"07/16/2020","24.56","24.56","24.56","24.56","2.17M","0.00%"
"07/15/2020","24.56","27.24","26.00","24.56","2.31M","-9.84%"
"07/14/2020","27.24","27.24","27.24","27.24","232.16K","0.00%"
"07/13/2020","27.24","27.24","27.24","27.24","131.02K","0.00%"
"07/10/2020","27.24","27.24","27.24","27.24","71.22K","0.00%"
"07/09/2020","27.24","27.24","27.24","27.24","11.31M","0.00%"
"07/08/2020","27.24","27.24","27.24","27.24","240.49K","0.00%"
"07/07/2020","27.24","27.24","27.24","27.24","2.26M","0.00%"
"07/06/2020","27.24","27.24","27.24","27.24","323.84K","0.00%"
"07/03/2020","27.24","28.88","27.24","27.20","1.54M","-5.68%"
"07/02/2020","28.88","28.88","28.88","28.88","446.79K","0.00%"
"07/01/2020","28.88","28.88","28.88","28.88","278.77K","0.00%"
"06/30/2020","28.88","28.00","28.88","28.40","28.15M","3.14%"
"06/29/2020","28.00","28.00","28.00","28.00","294.79K","0.00%"
"06/26/2020","28.00","27.76","28.00","27.76","5.96M","0.86%"
"06/25/2020","27.76","27.76","27.76","27.76","243.08K","0.00%"
"06/24/2020","27.76","28.80","28.00","27.76","6.66M","-3.61%"
"06/23/2020","28.80","29.60","28.80","28.80","3.39M","-2.70%"
"06/22/2020","29.60","30.40","29.60","29.60","896.09K","-2.63%"
"06/19/2020","30.40","30.40","30.40","30.40","5.30M","0.00%"
"06/18/2020","30.40","33.60","30.40","30.40","5.75M","-9.52%"
"06/17/2020","33.60","33.60","33.60","33.60","139.49K","0.00%"
"06/16/2020","33.60","33.60","33.60","33.60","244.47K","0.00%"
"06/15/2020","33.60","33.60","33.60","33.60","692.14K","0.00%"
"06/11/2020","33.60","34.00","33.60","33.60","5.10M","-1.18%"
"06/10/2020","34.00","34.00","34.00","34.00","2.88M","0.00%"
"06/09/2020","34.00","34.00","34.00","34.00","194.69K","0.00%"
"06/08/2020","34.00","33.60","34.00","34.00","4.74M","1.19%"
"06/05/2020","33.60","35.20","35.20","33.60","19.45M","-4.55%"
"06/04/2020","35.20","35.20","35.20","35.20","126.51K","0.00%"
"06/03/2020","35.20","35.20","35.20","34.64","57.41M","0.00%"
"06/02/2020","35.20","35.20","35.20","35.20","63.07M","0.00%"
"06/01/2020","35.20","34.64","35.20","35.20","3.94M","1.62%"
"05/29/2020","34.64","34.76","34.64","34.64","11.90M","-0.35%"
"05/28/2020","34.76","34.76","34.76","34.76","2.81M","0.00%"
"05/27/2020","34.76","31.60","34.76","33.20","1.50M","10.00%"
"05/22/2020","31.60","30.00","31.60","31.32","830.38K","5.33%"
"05/21/2020","30.00","30.00","30.00","30.00","499.25K","0.00%"
"05/20/2020","30.00","30.00","30.00","30.00","466.44K","0.00%"
"05/19/2020","30.00","30.00","30.00","30.00","1.43M","0.00%"
"05/18/2020","30.00","30.00","30.00","30.00","137.30K","0.00%"
"05/15/2020","30.00","30.00","30.00","30.00","531.23K","0.00%"
"05/14/2020","30.00","30.00","30.00","30.00","199.20K","0.00%"
"05/13/2020","30.00","30.00","30.00","30.00","7.33M","0.00%"
"05/12/2020","30.00","30.00","30.00","30.00","893.28K","0.00%"
"05/11/2020","30.00","30.00","30.00","30.00","461.85K","0.00%"
"05/08/2020","30.00","27.92","30.32","30.00","4.80M","7.45%"
"05/07/2020","27.92","26.40","27.92","27.28","1.70M","5.76%"
"05/06/2020","26.40","24.00","26.40","26.40","485.14K","10.00%"
"05/05/2020","24.00","24.00","24.00","24.00","1.15M","0.00%"
"05/04/2020","24.00","24.00","24.00","24.00","1.33M","0.00%"
"04/30/2020","24.00","24.84","24.00","24.00","975.73K","-3.38%"
"04/29/2020","24.84","24.84","24.84","24.84","662.80K","0.00%"
"04/28/2020","24.84","24.84","24.84","24.84","593.06K","0.00%"
"04/27/2020","24.84","27.60","24.84","24.84","3.86M","-10.00%"
"04/24/2020","27.60","27.60","27.60","27.60","503.70K","0.00%"
"04/23/2020","27.60","27.60","27.60","27.60","693.10K","0.00%"
"04/22/2020","27.60","27.60","27.60","27.60","594.07K","0.00%"
"04/21/2020","27.60","27.60","27.60","27.60","629.10K","0.00%"
"04/20/2020","27.60","25.88","27.60","27.60","1.42M","6.65%"
"04/17/2020","25.88","23.56","25.88","23.72","10.00M","9.85%"
"04/16/2020","23.56","21.44","23.56","23.56","1.91M","9.89%"
"04/15/2020","21.44","19.52","21.44","21.44","377.15K","9.84%"
"04/14/2020","19.52","17.76","19.52","19.52","513.45K","9.91%"
"04/09/2020","17.76","17.76","17.76","17.76","3.10M","0.00%"
"04/08/2020","17.76","17.76","17.76","17.76","450.75K","0.00%"
"04/07/2020","17.76","17.76","17.76","17.76","1.05M","0.00%"
"04/06/2020","17.76","17.60","17.84","17.76","28.37M","0.91%"
"04/03/2020","17.60","18.00","17.60","17.60","731.72K","-2.22%"
"04/02/2020","18.00","19.84","19.20","18.00","13.53M","-9.27%"
"04/01/2020","19.84","20.52","19.84","19.84","7.71M","-3.31%"
"03/31/2020","20.52","20.40","20.52","20.52","1.67M","0.59%"
"03/30/2020","20.40","20.40","20.40","20.40","1.47M","0.00%"
"03/27/2020","20.40","21.44","21.20","20.40","18.85M","-4.85%"
"03/26/2020","21.44","21.60","21.44","21.44","422.65K","-0.74%"
"03/25/2020","21.60","21.60","21.60","21.60","314.00K","0.00%"
"03/24/2020","21.60","21.60","21.60","21.60","196.34K","0.00%"
"03/23/2020","21.60","24.00","21.60","21.60","4.61M","-10.00%"
"03/20/2020","24.00","24.00","24.00","24.00","218.78K","0.00%"
"03/19/2020","24.00","24.00","24.00","23.20","1.03M","0.00%"
"03/18/2020","24.00","24.00","24.00","24.00","1.78M","0.00%"
"03/17/2020","24.00","22.36","24.00","24.00","3.29M","7.33%"
"03/16/2020","22.36","22.40","22.40","22.36","1.15M","-0.18%"
"03/13/2020","22.40","23.76","22.40","22.40","34.92M","-5.72%"
"03/12/2020","23.76","26.40","23.76","23.76","8.64M","-10.00%"
"03/11/2020","26.40","26.48","26.40","26.40","576.64K","-0.30%"
"03/10/2020","26.48","29.40","26.48","26.48","19.83M","-9.93%"
"03/09/2020","29.40","32.64","29.40","29.40","2.55M","-9.93%"
"03/06/2020","32.64","32.64","32.64","32.64","387.49K","0.00%"
"03/05/2020","32.64","32.64","32.64","32.64","141.68K","-3.55%"
"03/04/2020","33.84","32.40","33.84","33.84","405.00K","4.44%"
"03/03/2020","32.40","32.40","32.40","32.40","16.45M","0.00%"
"03/02/2020","32.40","32.40","32.44","32.40","8.66M","0.00%"
"02/28/2020","32.40","36.00","32.40","32.40","1.13M","-10.00%"
"02/27/2020","36.00","36.80","36.00","36.00","49.37M","-2.17%"
"02/26/2020","36.80","36.80","36.80","36.80","512.04K","0.00%"
"02/25/2020","36.80","37.60","36.80","36.80","578.52K","-2.13%"
"02/24/2020","37.60","38.76","37.60","37.60","2.44M","-2.99%"
"02/21/2020","38.76","41.20","38.76","37.64","1.68M","-5.92%"
"02/20/2020","41.20","41.20","41.20","41.20","168.40K","0.00%"
"02/19/2020","41.20","41.20","41.20","41.20","381.60K","0.00%"
"02/18/2020","41.20","41.20","41.20","41.20","221.95K","0.00%"
"02/17/2020","41.20","41.20","41.20","41.20","731.25K","0.00%"
"02/14/2020","41.20","41.20","41.20","41.20","437.35K","0.00%"
"02/13/2020","41.20","41.20","41.20","41.20","331.73K","0.00%"
"02/12/2020","41.20","41.20","41.20","41.20","225.95K","0.00%"
"02/11/2020","41.20","41.20","41.20","41.20","164.18K","0.00%"
"02/10/2020","41.20","41.20","41.20","41.20","277.61K","0.00%"
"02/07/2020","41.20","41.20","41.20","41.20","143.30K","0.00%"
"02/06/2020","41.20","41.20","41.20","41.20","28.41M","0.00%"
"02/05/2020","41.20","44.00","41.20","41.20","5.19M","-6.36%"
"02/04/2020","44.00","44.00","44.00","44.00","336.20K","0.00%"
"02/03/2020","44.00","44.00","44.00","44.00","209.76K","0.00%"
"01/31/2020","44.00","44.00","44.00","44.00","693.80K","0.00%"
"01/30/2020","44.00","44.00","44.00","44.00","77.19K","0.00%"
"01/29/2020","44.00","43.20","44.00","43.20","2.16M","1.85%"
"01/28/2020","43.20","43.20","43.20","43.20","4.30M","0.00%"
"01/27/2020","43.20","41.60","43.20","42.40","3.27M","3.85%"
"01/24/2020","41.60","41.60","41.60","41.60","388.31K","0.00%"
"01/23/2020","41.60","41.60","41.60","41.60","357.93K","0.00%"
"01/22/2020","41.60","41.60","41.60","41.60","183.19K","0.00%"
"01/21/2020","41.60","40.88","41.60","41.60","972.56K","1.76%"
"01/20/2020","40.88","40.88","40.88","40.88","206.00K","0.00%"
"01/17/2020","40.88","40.88","40.88","40.88","244.54K","0.00%"
"01/16/2020","40.88","40.88","40.88","40.88","266.60K","0.00%"
"01/15/2020","40.88","40.88","40.88","40.88","91.47K","0.00%"
"01/14/2020","40.88","44.84","40.88","40.88","604.54K","-8.83%"
"01/13/2020","44.84","44.84","44.84","44.84","446.95K","0.00%"
"01/10/2020","44.84","44.84","44.84","44.84","153.91K","0.00%"
"01/09/2020","44.84","44.84","44.84","44.84","126.40K","0.00%"
"01/08/2020","44.84","44.84","44.84","44.84","1.92M","0.00%"
"01/07/2020","44.84","44.88","44.84","44.84","1.81M","-0.09%"
"01/06/2020","44.88","44.88","44.88","44.88","458.16K","0.00%"
"01/03/2020","44.88","47.20","44.88","44.88","1.78M","-4.92%"
"01/02/2020","47.20","47.20","47.20","47.20","121.52K","0.00%"
"12/31/2019","47.20","47.80","47.20","46.40","2.59M","-1.26%"
"12/30/2019","47.80","46.36","47.80","42.80","3.15M","3.11%"
"12/27/2019","46.36","46.36","46.36","46.36","891.00K","0.00%"
"12/24/2019","46.36","46.36","46.36","46.36","220.52K","0.00%"
"12/23/2019","46.36","46.36","46.36","46.36","618.59K","0.00%"
"12/20/2019","46.36","42.16","46.36","46.36","900.32K","9.96%"
"12/19/2019","42.16","42.16","42.16","42.16","187.92K","0.00%"
"12/18/2019","42.16","42.16","42.24","42.16","11.34M","0.00%"
"12/17/2019","42.16","42.16","42.16","42.16","467.34K","0.00%"
"12/16/2019","42.16","42.16","42.16","42.16","1.63M","0.00%"
"12/13/2019","42.16","42.16","42.16","42.16","2.05M","0.00%"
"12/12/2019","42.16","41.00","42.16","42.16","801.03K","2.83%"
"12/11/2019","41.00","41.00","41.00","41.00","397.40K","0.00%"
"12/10/2019","41.00","40.96","41.00","40.96","6.76M","0.10%"
"12/09/2019","40.96","40.96","40.96","40.96","239.75K","0.00%"
"12/06/2019","40.96","40.96","40.96","40.96","361.86K","0.00%"
"12/05/2019","40.96","40.84","40.96","40.96","10.63M","0.29%"
"12/04/2019","40.84","40.84","40.84","40.84","949.54K","0.00%"
"12/03/2019","40.84","40.84","40.84","40.84","6.53M","0.00%"
"12/02/2019","40.84","40.84","40.84","40.80","15.06M","0.00%"
"11/29/2019","40.84","40.72","40.92","40.80","26.31M","0.29%"
"11/28/2019","40.72","40.72","40.72","40.72","160.95K","0.00%"
"11/27/2019","40.72","40.72","40.72","40.72","72.44K","0.00%"
"11/26/2019","40.72","40.40","40.72","40.72","809.87K","0.79%"
"11/25/2019","40.40","40.40","40.40","40.40","1.15M","0.00%"
"11/22/2019","40.40","41.20","40.40","40.40","7.87M","-2.88%"
"11/21/2019","41.60","41.60","41.60","41.60","540.59K","0.00%"
"11/20/2019","41.60","39.20","41.60","41.60","528.46K","6.12%"
"11/19/2019","39.20","38.80","39.20","39.20","17.41M","1.03%"
"11/18/2019","38.80","38.80","38.80","38.80","1.34M","0.00%"
"11/15/2019","38.80","38.00","38.80","38.40","1.07M","2.11%"
"11/14/2019","38.00","37.80","38.00","38.00","45.36M","0.53%"
"11/13/2019","37.80","37.76","37.80","37.76","79.79M","0.11%"
"11/12/2019","37.76","37.20","37.84","37.20","45.02M","1.51%"
"11/08/2019","37.20","37.20","37.20","37.20","118.83K","0.00%"
"11/07/2019","37.20","37.20","37.20","37.20","431.75K","0.00%"
"11/06/2019","37.20","37.20","37.20","37.20","348.46K","0.00%"
"11/05/2019","37.20","37.20","37.20","37.20","383.52K","0.00%"
"11/04/2019","37.20","37.20","37.20","37.20","508.71K","0.00%"
"11/01/2019","37.20","40.00","37.20","37.20","3.70M","-7.00%"
"10/31/2019","40.00","37.00","40.00","40.00","603.84K","8.11%"
"10/30/2019","37.00","37.00","37.00","37.00","276.48K","0.00%"
"10/29/2019","37.00","36.84","37.00","37.00","6.38M","0.43%"
"10/28/2019","36.84","36.84","36.84","36.84","267.76K","0.00%"
"10/25/2019","36.84","36.84","36.84","36.84","494.56K","0.00%"
"10/24/2019","36.84","36.84","36.84","36.84","632.04K","0.00%"
"10/23/2019","36.84","36.84","36.84","36.84","371.71K","0.00%"
"10/22/2019","36.84","36.84","36.84","36.84","293.99K","0.00%"
"10/21/2019","36.84","36.84","36.84","36.84","1.51M","0.00%"
"10/18/2019","36.84","36.84","36.84","36.84","248.86K","0.00%"
"10/17/2019","36.84","36.84","36.84","36.84","316.57K","0.00%"
"10/16/2019","36.84","36.80","36.84","36.84","4.86M","0.11%"
"10/15/2019","36.80","36.80","36.80","36.80","5.49M","0.00%"
"10/14/2019","36.80","36.80","36.80","36.80","1.60M","0.00%"
"10/11/2019","36.80","38.40","36.80","36.80","705.10K","-4.17%"
"10/10/2019","38.40","38.40","38.40","38.40","10.04M","0.00%"
"10/09/2019","38.40","40.00","38.40","37.72","473.52K","-4.00%"
"10/08/2019","40.00","40.00","40.00","40.00","1.47M","0.00%"
"10/07/2019","40.00","40.28","40.00","39.36","311.46K","-0.70%"
"10/04/2019","40.28","40.28","40.28","40.28","168.96K","0.00%"
"10/03/2019","40.28","39.20","40.28","40.24","3.52M","2.76%"
"10/02/2019","39.20","42.00","40.00","39.20","1.72M","-6.67%"
"09/30/2019","42.00","42.00","42.00","42.00","147.41K","0.00%"
"09/27/2019","42.00","42.00","42.00","42.00","2.41M","0.00%"
"09/26/2019","42.00","42.00","42.00","42.00","10.79M","0.00%"
"09/25/2019","42.00","41.60","42.00","42.00","88.87M","0.96%"
"09/24/2019","41.60","41.60","42.00","41.60","46.60M","0.00%"
"09/23/2019","41.60","42.04","41.84","41.60","1.23M","-1.05%"
"09/20/2019","42.04","41.60","42.04","41.56","35.17M","1.06%"
"09/19/2019","41.60","41.60","41.60","41.60","413.33K","0.00%"
"09/18/2019","41.60","41.44","41.60","41.44","5.73M","0.39%"
"09/17/2019","41.44","41.20","41.44","41.32","3.50M","0.58%"
"09/16/2019","41.20","40.84","41.20","41.20","7.38M","0.88%"
"09/13/2019","40.84","40.60","40.84","40.84","326.02K","0.59%"
"09/12/2019","40.60","40.60","40.60","40.60","399.75K","0.00%"
"09/11/2019","40.60","40.60","40.64","40.60","626.82K","0.00%"
"09/10/2019","40.60","40.44","40.60","40.60","364.26K","0.40%"
"09/09/2019","40.44","40.44","40.44","40.44","114.42K","0.00%"
"09/06/2019","40.44","40.44","40.44","40.44","124.36K","0.00%"
"09/05/2019","40.44","40.44","40.44","40.44","41.92K","0.00%"
"09/04/2019","40.44","41.20","40.44","40.40","2.16M","-1.84%"
"09/03/2019","41.20","41.20","41.20","41.20","330.25K","0.00%"
"09/02/2019","41.20","40.96","41.20","41.20","6.23M","0.59%"
"08/30/2019","40.96","40.56","40.96","40.96","1.02M","0.99%"
"08/29/2019","40.56","40.56","40.56","40.56","231.60K","0.00%"
"08/28/2019","40.56","40.56","40.56","40.56","285.00K","0.00%"
"08/27/2019","40.56","40.40","40.56","40.56","388.13K","0.40%"
"08/26/2019","40.40","40.56","41.00","40.40","894.57K","-0.39%"
"08/23/2019","40.56","40.56","40.56","40.56","257.67K","0.00%"
"08/22/2019","40.56","40.08","40.56","40.56","1.70M","1.20%"
"08/21/2019","40.08","40.08","40.08","40.08","189.66K","0.00%"
"08/20/2019","40.08","40.00","40.16","40.00","3.07M","0.20%"
"08/19/2019","40.00","40.00","40.00","40.00","154.33K","0.00%"
"08/16/2019","40.00","40.00","40.00","40.00","94.40K","0.00%"
"08/15/2019","40.00","40.00","40.00","40.00","462.20K","0.00%"
"08/14/2019","40.00","40.00","40.00","39.96","7.45M","0.00%"
"08/09/2019","40.00","40.00","40.00","40.00","99.56K","0.00%"
"08/08/2019","40.00","40.00","40.00","40.00","17.81K","0.00%"
"08/07/2019","40.00","40.00","40.00","40.00","223.67K","0.00%"
"08/06/2019","40.00","40.00","40.00","40.00","224.21K","0.00%"
"08/05/2019","40.00","40.00","40.00","40.00","627.26K","0.00%"
"08/02/2019","40.00","40.00","40.00","40.00","168.21K","0.00%"
"08/01/2019","40.00","40.00","40.00","40.00","98.63K","0.00%"
"07/31/2019","40.00","44.00","40.00","40.00","929.02K","-9.09%"
"07/30/2019","44.00","48.00","44.00","44.00","1.42M","-8.33%"
"07/29/2019","48.00","48.00","48.00","48.00","251.36K","0.00%"
"07/26/2019","48.00","48.00","48.00","48.00","165.22K","0.00%"
"07/25/2019","48.00","48.00","48.00","48.00","301.78K","0.00%"
"07/24/2019","48.00","44.88","48.00","48.00","395.40K","6.95%"
"07/23/2019","44.88","44.88","44.88","44.88","4.80M","0.00%"
"07/22/2019","44.88","47.20","44.88","44.88","648.13K","-4.92%"
"07/19/2019","47.20","46.40","47.20","47.20","176.42K","1.72%"
"07/18/2019","46.40","47.20","46.40","46.40","9.94M","-1.69%"
"07/17/2019","47.20","47.20","47.20","47.20","820.82K","0.00%"
"07/16/2019","47.20","46.80","47.20","47.20","333.98K","0.85%"
"07/15/2019","46.80","46.40","48.00","46.80","1.83M","0.86%"
"07/12/2019","46.40","48.80","46.40","46.40","481.03K","-4.92%"
"07/11/2019","48.80","48.40","48.80","48.80","1.64M","0.83%"
"07/10/2019","48.40","48.40","48.40","48.40","5.75M","0.00%"
"07/09/2019","48.40","48.00","48.40","48.00","2.99M","0.83%"
"07/08/2019","48.00","48.32","48.00","48.00","1.34M","-0.66%"
"07/05/2019","48.32","48.40","48.32","48.12","543.55K","-0.17%"
"07/04/2019","48.40","48.40","48.40","48.40","140.48K","0.00%"
"07/03/2019","48.40","48.40","48.40","48.40","291.19K","0.00%"
"07/02/2019","48.40","48.00","48.40","46.40","3.80M","0.83%"
"07/01/2019","48.00","50.40","48.00","48.00","1.20M","-4.76%"
"06/28/2019","50.40","46.00","50.40","46.40","2.02M","9.57%"
"06/27/2019","46.00","49.60","46.00","46.00","314.63K","-7.26%"
"06/26/2019","49.60","46.40","49.60","46.00","3.16M","6.90%"
"06/25/2019","46.40","46.80","46.40","46.40","7.17M","-0.85%"
"06/24/2019","46.80","48.00","48.00","46.80","1.26M","-2.50%"
"06/21/2019","48.00","46.00","48.00","45.96","1.74M","4.35%"
"06/20/2019","46.00","45.60","46.00","45.60","10.35M","0.88%"
"06/19/2019","45.60","45.60","46.00","45.60","6.01M","0.00%"
"06/18/2019","45.60","46.40","45.60","45.60","4.68M","-1.72%"
"06/17/2019","46.40","46.40","46.40","46.40","241.89K","0.00%"
"06/14/2019","46.40","46.00","46.40","46.40","2.68M","0.87%"
"06/13/2019","46.00","45.60","46.00","45.60","11.28M","0.88%"
"06/11/2019","45.60","46.40","45.60","45.60","16.76M","-1.72%"
"06/10/2019","46.40","46.40","46.40","46.40","3.58M","0.00%"
"06/07/2019","46.40","46.40","46.40","46.40","358.50K","0.00%"
"06/06/2019","46.40","46.40","46.40","46.40","951.33K","0.00%"
"06/03/2019","46.40","46.40","46.40","46.40","3.39M","0.00%"
"05/31/2019","46.40","48.00","46.40","46.40","934.70K","-3.33%"
"05/30/2019","48.00","48.00","48.00","48.00","866.23K","0.00%"
"05/28/2019","48.00","46.40","48.00","46.40","2.97M","3.45%"
"05/27/2019","46.40","46.40","46.40","46.40","119.92K","0.00%"
"05/24/2019","46.40","49.36","47.20","46.40","8.89M","-6.00%"
"05/23/2019","49.36","49.36","49.36","49.36","136.32K","0.00%"
"05/22/2019","49.36","49.72","49.60","49.36","2.72M","-0.72%"
"05/21/2019","49.72","50.00","49.72","49.72","1.33M","-0.56%"
"05/20/2019","50.00","50.00","50.00","49.84","6.16M","0.00%"
"05/17/2019","50.00","50.00","50.00","50.00","3.35M","0.00%"
"05/16/2019","50.00","52.00","51.00","50.00","9.72M","-3.85%"
"05/15/2019","52.00","52.00","52.00","52.00","572.91K","0.00%"
"05/14/2019","52.00","52.00","52.00","52.00","1.57M","0.00%"
"05/13/2019","52.00","52.24","52.00","52.00","3.32M","-0.46%"
"05/10/2019","52.24","52.24","52.24","52.24","2.54M","0.00%"
"05/09/2019","52.24","52.40","52.24","52.24","2.85M","-0.31%"
"05/08/2019","52.40","52.80","52.40","52.00","7.57M","-0.76%"
"05/07/2019","52.80","52.84","52.88","52.80","4.17M","-0.08%"
"05/06/2019","52.84","52.84","52.84","52.84","420.78K","0.00%"
"05/03/2019","52.84","52.60","52.84","52.80","3.73M","0.46%"
"05/02/2019","52.60","52.00","52.60","52.40","3.32M","1.15%"
"04/30/2019","52.00","52.00","52.00","52.00","3.18M","0.00%"
"04/29/2019","52.00","51.72","52.00","52.00","3.65M","0.54%"
"04/26/2019","51.72","52.00","51.72","51.72","463.84K","-0.54%"
"04/25/2019","52.00","51.20","52.00","52.00","3.32M","1.56%"
"04/24/2019","51.20","51.20","51.20","51.20","2.67M","0.00%"
"04/23/2019","51.20","52.00","51.24","51.20","2.45M","-1.54%"
"04/18/2019","52.00","51.88","52.00","51.28","1.51M","0.23%"
"04/17/2019","51.88","51.20","51.88","51.88","2.07M","1.33%"
"04/16/2019","51.20","51.20","51.20","51.20","334.62K","0.00%"
"04/15/2019","51.20","48.16","51.20","51.20","1.58M","6.31%"
"04/12/2019","48.16","48.16","48.16","48.16","499.43K","0.00%"
"04/11/2019","48.16","48.16","48.16","48.16","152.31K","0.00%"
"04/10/2019","48.16","48.16","48.16","48.16","352.96K","0.00%"
"04/09/2019","48.16","48.00","48.16","48.04","3.81M","0.33%"
"04/08/2019","48.00","48.00","48.04","48.00","4.68M","0.00%"
"04/05/2019","48.00","48.00","48.00","48.00","272.81K","0.00%"
"04/04/2019","48.00","48.00","48.00","48.00","1.58M","0.00%"
"04/03/2019","48.00","45.52","48.04","48.00","16.21M","5.45%"
"04/02/2019","45.52","45.36","45.56","45.36","17.06M","-9.68%"
"04/01/2019","50.40","53.40","50.40","50.40","2.14M","-5.62%"
"03/29/2019","53.40","53.40","53.40","53.40","439.22K","0.00%"
"03/28/2019","53.40","53.60","53.60","53.40","3.80M","-0.37%"
"03/27/2019","53.60","53.60","53.64","53.60","2.82M","0.00%"
"03/26/2019","53.60","55.60","53.60","53.60","434.04K","-3.60%"
"03/25/2019","55.60","55.60","55.60","55.60","542.02K","0.00%"
"03/22/2019","55.60","55.60","55.60","55.60","281.00K","0.00%"
"03/21/2019","55.60","55.60","55.60","55.60","345.00K","0.00%"
"03/20/2019","55.60","56.00","56.00","55.60","4.70M","-0.71%"
"03/19/2019","56.00","60.00","56.16","56.00","1.76M","-6.67%"
"03/18/2019","60.00","60.00","60.00","60.00","266.35K","0.00%"
"03/15/2019","60.00","60.00","60.00","60.00","665.96K","0.00%"
"03/14/2019","60.00","60.00","60.00","60.00","422.07K","0.00%"
"03/13/2019","60.00","60.00","60.00","60.00","2.43M","0.00%"
"03/12/2019","60.00","60.00","60.40","60.00","2.54M","0.00%"
"03/11/2019","60.00","60.00","60.00","60.00","219.07K","0.00%"
"03/08/2019","60.00","62.52","60.00","60.00","608.21K","-4.03%"
"03/07/2019","62.52","62.52","62.52","62.52","153.18K","-2.31%"
"03/06/2019","64.00","64.00","64.00","64.00","181.12K","0.00%"
"03/05/2019","64.00","64.00","64.00","64.00","43.90K","0.00%"
"03/04/2019","64.00","64.00","64.00","64.00","320.48K","0.00%"
"03/01/2019","64.00","63.60","64.00","64.00","2.22M","0.63%"
"02/28/2019","63.60","66.56","64.00","63.60","1.95M","-4.45%"
"02/27/2019","66.56","66.56","66.56","66.56","61.00K","0.00%"
"02/26/2019","66.56","66.56","66.56","66.56","459.88K","0.00%"
"02/25/2019","66.56","64.00","66.56","66.56","53.39M","4.00%"
"02/22/2019","64.00","66.00","64.00","64.00","267.31K","-3.03%"
"02/21/2019","66.00","66.00","66.00","66.00","210.09K","0.00%"
"02/20/2019","66.00","60.00","66.00","62.04","3.34M","10.00%"
"02/19/2019","60.00","60.00","60.00","60.00","133.56K","0.00%"
"02/18/2019","60.00","66.40","60.00","60.00","607.46K","-9.64%"
"02/15/2019","66.40","64.00","66.40","64.00","3.71M","3.75%"
"02/14/2019","64.00","64.80","64.00","64.00","558.55K","-1.23%"
"02/13/2019","64.80","64.04","64.80","64.00","1.37M","1.19%"
"02/12/2019","64.04","62.40","64.04","64.00","4.54M","2.63%"
"02/11/2019","62.40","62.40","62.40","62.40","557.49K","0.00%"
"02/08/2019","62.40","62.40","62.40","62.40","399.11K","0.00%"
"02/07/2019","62.40","62.40","62.40","62.40","157.27K","0.00%"
"02/06/2019","62.40","62.40","62.40","61.60","5.35M","0.00%"
"02/05/2019","62.40","62.32","62.40","62.40","1.97M","0.13%"
"02/04/2019","62.32","59.20","62.32","62.32","283.67K","5.27%"
"02/01/2019","59.20","59.20","59.20","59.20","238.00K","0.00%"
"01/31/2019","59.20","62.40","62.40","59.20","9.61M","-5.13%"
"01/30/2019","62.40","62.40","62.40","62.40","13.53M","0.00%"
"01/29/2019","62.40","63.92","62.40","62.40","2.94M","-2.38%"
"01/28/2019","63.92","63.92","63.92","63.92","118.61K","0.00%"
"01/25/2019","63.92","63.92","63.92","63.92","281.60K","0.00%"
"01/24/2019","63.92","64.00","64.00","63.92","727.39K","-0.13%"
"01/23/2019","64.00","64.00","64.00","64.00","308.37K","0.00%"
"01/22/2019","64.00","64.80","64.00","64.00","964.51K","-1.23%"
"01/21/2019","64.80","64.80","64.80","64.80","1.32M","0.00%"
"01/18/2019","64.80","63.00","64.80","64.80","465.75K","2.86%"
"01/17/2019","63.00","62.40","63.00","62.40","7.45M","0.96%"
"01/16/2019","62.40","62.40","62.40","62.40","401.29K","0.00%"
"01/15/2019","62.40","62.40","63.24","62.40","927.12K","0.00%"
"01/14/2019","62.40","62.40","62.40","62.40","728.54K","0.00%"
"01/11/2019","62.40","63.20","62.40","62.40","1.18M","-1.27%"
"01/10/2019","63.20","63.12","63.96","63.20","703.43K","0.13%"
"01/09/2019","63.12","63.12","63.12","63.12","164.17K","0.00%"
"01/08/2019","63.12","62.80","64.40","63.12","464.86K","0.51%"
"01/07/2019","62.80","63.60","62.88","62.80","6.58M","-1.26%"
"01/04/2019","63.60","62.96","63.60","62.80","1.03M","1.02%"
"01/03/2019","62.96","62.64","62.96","62.64","285.27K","0.51%"
"01/02/2019","62.64","68.40","62.64","62.40","876.60K","-8.42%"
"12/31/2018","68.40","65.60","68.40","65.44","623.00K","4.27%"
"12/28/2018","65.60","66.00","65.68","65.60","2.69M","-0.61%"
"12/27/2018","66.00","65.68","66.08","65.60","3.24M","0.49%"
"12/24/2018","65.68","64.00","66.16","64.00","799.58K","2.63%"
"12/21/2018","64.00","62.40","64.40","62.40","3.88M","2.56%"
"12/20/2018","62.40","62.80","62.40","61.60","492.60K","-0.64%"
"12/19/2018","62.80","61.36","62.80","61.60","7.17M","2.35%"
"12/18/2018","61.36","63.52","63.84","61.36","187.36K","-3.40%"
"12/17/2018","63.52","63.60","63.52","60.96","4.62M","-0.13%"
"12/14/2018","63.60","60.80","63.60","61.20","198.10K","4.61%"
"12/13/2018","60.80","60.80","60.80","60.00","7.27M","0.00%"
"12/12/2018","60.80","62.80","63.84","60.80","7.67M","-3.18%"
"12/11/2018","62.80","62.40","64.00","62.40","467.76K","0.64%"
"12/10/2018","62.40","64.00","64.00","61.04","3.35M","-2.50%"
"12/07/2018","64.00","64.00","64.00","63.68","2.85M","0.00%"
"12/06/2018","64.00","64.00","64.08","64.00","4.98M","0.00%"
"12/05/2018","64.00","64.00","64.80","64.00","814.03K","0.00%"
"12/04/2018","64.00","64.32","65.20","64.00","1.20M","-0.50%"
"12/03/2018","64.32","66.08","65.60","64.16","395.61K","-2.66%"
"11/30/2018","66.08","63.52","66.08","63.52","543.95K","4.03%"
"11/29/2018","63.52","63.20","63.52","63.20","768.20K","0.51%"
"11/28/2018","63.20","63.52","63.52","62.32","13.37M","-0.50%"
"11/27/2018","63.52","63.52","63.60","63.20","4.69M","0.00%"
"11/26/2018","63.52","65.20","64.80","62.40","712.16K","-2.58%"
"11/23/2018","65.20","66.72","67.36","63.52","19.12M","-2.98%"
"11/22/2018","67.20","68.00","68.00","67.20","2.89M","-1.18%"
"11/21/2018","68.00","68.00","68.00","66.24","441.58K","0.00%"
"11/19/2018","68.00","66.24","68.40","66.32","1.13M","2.66%"
"11/16/2018","66.24","66.40","66.40","66.00","454.22K","-0.24%"
"11/15/2018","66.40","66.00","66.40","66.00","2.90M","0.61%"
"11/14/2018","66.00","65.60","66.08","66.00","5.36M","0.61%"
"11/13/2018","65.60","65.68","65.76","65.20","638.33K","-0.12%"
"11/12/2018","65.68","65.60","66.00","65.60","330.57K","0.12%"
"11/09/2018","65.60","65.28","65.84","65.04","838.04K","0.49%"
"11/08/2018","65.28","65.20","65.52","65.20","290.31K","0.12%"
"11/07/2018","65.20","64.80","65.20","64.80","428.69K","0.62%"
"11/06/2018","64.80","64.00","64.80","60.00","2.33M","1.25%"
"11/05/2018","64.00","65.84","64.00","63.92","813.25K","-2.79%"
"11/02/2018","65.84","66.08","66.08","65.68","3.85M","-0.36%"
"11/01/2018","66.08","65.92","66.40","66.08","395.43K","0.24%"
"10/31/2018","65.92","70.40","70.40","65.92","8.23M","-6.36%"
"10/30/2018","70.40","70.00","70.40","70.08","8.76M","0.57%"
"10/29/2018","70.00","70.40","70.00","69.60","1.34M","-0.57%"
"10/26/2018","70.40","74.00","72.00","70.40","3.02M","-4.86%"
"10/25/2018","74.00","70.48","74.00","71.20","1.95M","4.99%"
"10/24/2018","70.48","70.16","70.48","70.40","4.69M","0.46%"
"10/23/2018","70.16","70.32","70.40","69.36","3.99M","-0.23%"
"10/22/2018","70.32","70.80","70.80","70.32","13.90M","-0.68%"
"10/19/2018","70.80","70.88","71.12","70.40","1.37M","-0.11%"
"10/18/2018","70.88","70.56","71.68","70.80","2.17M","0.45%"
"10/17/2018","70.56","70.96","70.56","70.40","248.04K","-0.56%"
"10/16/2018","70.96","68.80","70.96","69.60","752.76K","3.14%"
"10/15/2018","68.80","70.40","68.80","68.80","126.57K","-2.27%"
"10/12/2018","70.40","68.00","70.40","68.40","1.13M","3.53%"
"10/11/2018","68.00","68.40","69.20","68.00","614.82K","-0.58%"
"10/10/2018","68.40","70.40","70.48","68.40","1.33M","-2.84%"
"10/09/2018","70.40","72.00","72.00","70.24","2.24M","-2.22%"
"10/08/2018","72.00","71.76","72.00","71.76","433.46K","0.33%"
"10/05/2018","71.76","69.20","71.76","69.60","178.32K","3.70%"
"10/04/2018","69.20","71.20","70.88","68.64","160.61K","-2.81%"
"10/03/2018","71.20","73.20","73.20","71.20","1.45M","-2.73%"
"10/02/2018","73.20","73.20","73.20","72.40","4.76M","0.00%"
"09/28/2018","73.20","73.20","73.28","73.20","2.21M","0.00%"
"09/27/2018","73.20","72.08","73.20","72.56","397.24K","1.55%"
"09/26/2018","72.08","72.16","72.80","72.00","429.01K","-0.11%"
"09/25/2018","72.16","72.00","73.52","72.00","392.95K","0.22%"
"09/24/2018","72.00","74.40","74.32","71.92","1.90M","-3.23%"
"09/21/2018","74.40","71.20","76.00","72.64","2.89M","4.49%"
"09/20/2018","71.20","72.08","71.20","70.80","322.46K","-1.22%"
"09/19/2018","72.08","72.00","72.08","71.20","184.61K","0.11%"
"09/18/2018","72.00","73.60","73.60","68.16","2.73M","-2.17%"
"09/17/2018","73.60","74.00","74.88","73.60","2.90M","-0.54%"
"09/14/2018","74.00","67.28","74.00","67.28","2.05M","9.99%"
"09/13/2018","67.28","67.20","67.68","67.20","4.72M","0.12%"
"09/12/2018","67.20","70.40","67.68","67.20","392.55K","-4.55%"
"09/11/2018","70.40","74.00","72.00","70.40","404.69K","-4.86%"
"09/10/2018","74.00","74.32","74.32","73.60","2.95M","-0.43%"
"09/07/2018","74.32","74.40","74.40","74.24","3.27M","-0.11%"
"09/06/2018","74.40","74.80","75.20","74.40","880.53K","-0.53%"
"09/05/2018","74.80","74.40","75.20","74.80","907.48K","0.54%"
"09/04/2018","74.40","76.00","75.12","74.40","361.18K","-2.11%"
"09/03/2018","76.00","78.32","76.00","73.60","23.91M","-2.96%"
"08/31/2018","78.32","80.00","78.32","78.32","182.50K","-2.10%"
"08/30/2018","80.00","80.00","80.08","80.00","12.76M","0.00%"
"08/29/2018","80.00","80.00","80.00","80.00","783.36K","0.00%"
"08/28/2018","80.00","80.40","80.00","80.00","1.45M","-0.50%"
"08/27/2018","80.40","80.00","80.40","80.00","331.90K","0.50%"
"08/24/2018","80.00","80.00","80.40","80.00","854.11K","0.00%"
"08/23/2018","80.00","80.00","80.00","79.92","447.56K","0.00%"
"08/20/2018","80.00","82.40","81.60","80.00","2.50M","-2.91%"
"08/17/2018","82.40","82.40","82.40","82.32","1.06M","0.00%"
"08/16/2018","82.40","82.40","82.40","82.00","1.36M","0.00%"
"08/15/2018","82.40","82.40","82.40","82.40","2.28M","0.00%"
"08/14/2018","82.40","82.80","82.40","82.40","956.42K","-0.48%"
"08/13/2018","82.80","82.40","82.40","82.32","1.54M","0.49%"
"08/10/2018","82.40","82.40","82.40","81.60","705.19K","0.00%"
"08/09/2018","82.40","82.40","82.40","80.00","338.79K","0.00%"
"08/08/2018","82.40","82.40","82.40","82.40","576.88K","0.00%"
"08/07/2018","82.40","80.72","82.40","81.60","1.09M","2.08%"
"08/06/2018","80.72","82.40","80.72","80.72","248.69K","-2.04%"
"08/03/2018","82.40","80.00","82.48","80.64","18.85M","3.00%"
"08/02/2018","80.00","82.40","82.40","79.20","2.88M","-2.91%"
"08/01/2018","82.40","84.00","82.40","79.20","18.89M","-1.90%"
"07/31/2018","84.00","83.60","84.00","80.88","1.63M","0.48%"
"07/30/2018","83.60","83.20","84.00","83.20","1.61M","0.48%"
"07/27/2018","83.20","83.20","84.00","83.20","14.96M","0.00%"
"07/26/2018","83.20","83.60","84.00","83.20","9.07M","-0.48%"
"07/25/2018","83.60","84.40","84.40","83.52","2.30M","-0.95%"
"07/24/2018","84.40","86.40","85.68","84.40","3.14M","-2.31%"
"07/23/2018","86.40","86.00","86.40","85.76","2.97M","0.47%"
"07/20/2018","86.00","84.48","86.00","84.80","2.86M","1.80%"
"07/19/2018","84.48","86.40","86.80","84.08","3.55M","-2.22%"
"07/18/2018","86.40","86.80","86.80","84.00","402.37K","-0.46%"
"07/17/2018","86.80","88.00","88.00","86.80","3.85M","-1.36%"
"07/16/2018","88.00","88.00","88.08","86.64","821.04K","0.00%"
"07/13/2018","88.00","88.16","88.08","88.00","4.62M","-0.18%"
"07/12/2018","88.16","88.80","88.72","88.00","323.55K","-0.72%"
"07/11/2018","88.80","88.00","88.80","88.48","343.33K","0.91%"
"07/10/2018","88.00","88.88","88.24","83.20","7.86M","-0.99%"
"07/09/2018","88.88","88.88","89.04","88.80","942.49K","0.00%"
"07/06/2018","88.88","90.40","89.60","88.88","568.09K","-1.68%"
"07/05/2018","90.40","88.80","90.40","89.60","515.39K","1.80%"
"07/04/2018","88.80","91.12","90.40","88.80","1.26M","-2.55%"
"07/03/2018","91.12","90.48","92.00","90.00","2.48M","0.71%"
"07/02/2018","90.48","91.36","91.84","90.48","486.52K","-0.96%"
"06/29/2018","91.36","89.92","91.52","89.60","4.14M","2.88%"
"06/28/2018","88.80","88.40","89.52","88.40","1.67M","0.54%"
"06/27/2018","88.32","88.08","88.80","88.08","856.48K","-0.09%"
"06/26/2018","88.40","89.52","89.60","88.40","719.99K","0.45%"
"06/25/2018","88.00","88.24","88.48","88.00","1.33M","-0.45%"
"06/22/2018","88.40","88.80","88.88","88.40","357.70K","-1.34%"
"06/21/2018","89.60","89.36","89.60","88.00","5.26M","2.75%"
"06/20/2018","87.20","88.00","88.08","87.20","871.12K","-1.00%"
"06/19/2018","88.08","88.08","89.92","87.92","3.86M","0.09%"
"06/14/2018","88.00","92.00","92.00","88.00","8.45M","-4.35%"
"06/13/2018","92.00","93.92","94.40","92.00","957.65K","-1.79%"
"06/12/2018","93.68","94.00","94.00","93.68","676.95K","-0.76%"
"06/11/2018","94.40","96.56","95.04","94.40","378.67K","0.85%"
"06/08/2018","93.60","94.40","94.40","93.60","996.92K","-0.85%"
"06/07/2018","94.40","96.32","96.32","93.60","8.04M","1.03%"
"06/06/2018","93.44","93.12","93.44","91.12","1.11M","4.94%"
"06/05/2018","89.04","88.00","89.04","87.28","5.29M","5.00%"
"06/04/2018","84.80","84.72","84.80","84.00","12.83M","2.91%"
"06/01/2018","82.40","82.40","83.12","82.08","15.11M","-4.54%"
"05/31/2018","86.32","90.80","90.80","86.32","6.98M","-1.91%"
"05/30/2018","88.00","91.84","92.64","87.44","4.04M","-4.35%"
"05/28/2018","92.00","92.80","92.00","88.40","802.00K","-0.35%"
"05/25/2018","92.32","95.92","96.32","91.20","957.78K","-0.60%"
"05/24/2018","92.88","95.92","95.92","92.88","290.77K","-4.99%"
"05/23/2018","97.76","98.40","98.40","97.76","253.84K","-0.65%"
"05/22/2018","98.40","98.96","101.60","98.40","14.41M","-0.57%"
"05/21/2018","98.96","98.72","98.96","98.64","438.55K","0.41%"
"05/18/2018","98.56","102.32","98.80","98.40","424.13K","-0.08%"
"05/17/2018","98.64","100.80","100.80","98.64","380.95K","-3.45%"
"05/16/2018","102.16","100.00","102.16","100.00","1.24M","2.32%"
"05/15/2018","99.84","102.32","99.84","98.40","7.41M","2.30%"
"05/14/2018","97.60","97.44","97.60","96.80","1.45M","-2.01%"
"05/11/2018","99.60","99.92","100.00","99.60","358.59K","-0.64%"
"05/10/2018","100.24","100.40","100.80","100.24","203.88K","0.08%"
"05/09/2018","100.16","100.80","100.80","100.00","615.94K","-1.42%"
"05/08/2018","101.60","101.04","101.60","101.04","739.69K","-0.78%"
"05/07/2018","102.40","100.80","102.40","98.88","4.90M","-0.78%"
"05/04/2018","103.20","101.52","103.20","101.52","398.08K","1.42%"
"05/03/2018","101.76","102.40","103.20","101.76","1.57M","-1.40%"
"05/02/2018","103.20","102.40","103.20","102.40","1.75M","-0.69%"
"04/30/2018","103.92","104.00","104.00","102.16","5.34M","-0.08%"
"04/27/2018","104.00","100.08","104.00","100.08","2.29M","2.36%"
"04/26/2018","101.60","99.84","101.60","99.84","632.75K","1.76%"
"04/25/2018","99.84","102.00","102.00","99.84","971.46K","-0.16%"
"04/24/2018","100.00","102.80","102.80","100.00","723.99K","-3.62%"
"04/23/2018","103.76","100.88","104.00","100.88","26.28M","2.85%"
"04/20/2018","100.88","100.96","103.20","100.40","1.78M","0.24%"
"04/19/2018","100.64","101.60","101.60","100.56","244.36K","-0.16%"
"04/18/2018","100.80","101.52","101.76","100.80","1.19M","-0.71%"
"04/17/2018","101.52","102.08","102.80","101.52","435.78K","0.71%"
"04/16/2018","100.80","103.20","103.20","100.80","1.55M","-3.08%"
"04/13/2018","104.00","106.80","104.00","103.20","4.02M","0.00%"
"04/12/2018","104.00","103.60","104.00","103.60","464.61K","0.54%"
"04/11/2018","103.44","103.44","103.52","103.20","263.65K","0.08%"
"04/10/2018","103.36","103.76","103.76","103.20","355.11K","0.23%"
"04/09/2018","103.12","102.48","103.12","100.00","25.80M","-0.08%"
"04/06/2018","103.20","102.88","103.52","102.64","2.68M","0.55%"
"04/05/2018","102.64","103.20","103.20","102.64","7.18M","-0.54%"
"04/04/2018","103.20","103.12","103.20","103.12","1.15M","0.08%"
"04/03/2018","103.12","104.00","104.00","102.40","11.52M","-0.85%"
"03/29/2018","104.00","103.60","104.00","102.40","1.23M","1.56%"
"03/28/2018","102.40","103.20","103.20","102.40","1.34M","-0.08%"
"03/27/2018","102.48","101.76","102.48","101.76","506.14K","-0.70%"
"03/26/2018","103.20","101.60","103.20","101.60","1.24M","1.98%"
"03/23/2018","101.20","102.40","102.40","101.04","611.36K","-1.09%"
"03/22/2018","102.32","100.80","102.32","100.72","800.36K","1.51%"
"03/21/2018","100.80","103.76","102.00","100.80","8.51M","-0.94%"
"03/20/2018","101.76","101.28","102.08","101.28","1.05M","-1.01%"
"03/19/2018","102.80","104.00","104.08","102.80","449.79K","-3.38%"
"03/16/2018","106.40","104.00","106.40","104.00","645.05K","0.00%"
"03/15/2018","106.40","107.12","107.20","105.44","4.27M","1.60%"
"03/14/2018","104.72","107.76","104.72","102.40","23.47M","0.69%"
"03/13/2018","104.00","99.20","104.16","99.20","6.04M","0.00%"
"03/12/2018","104.00","108.00","104.16","103.68","3.32M","0.39%"
"03/09/2018","103.60","105.92","105.92","103.36","3.26M","2.37%"
"03/08/2018","101.20","100.48","101.60","100.48","317.20K","0.72%"
"03/07/2018","100.48","101.52","101.52","100.16","1.47M","-3.38%"
"03/06/2018","104.00","104.80","104.80","103.84","2.65M","0.08%"
"03/05/2018","103.92","107.92","104.00","103.04","421.87K","-0.84%"
"03/02/2018","104.80","106.32","105.20","104.00","1.76M","0.00%"
"03/01/2018","104.80","108.80","108.80","103.36","2.68M","-3.61%"
"02/28/2018","108.72","104.80","108.72","104.80","3.07M","4.46%"
"02/27/2018","104.08","104.00","104.48","104.00","8.28M","0.08%"
"02/26/2018","104.00","108.00","106.40","102.96","3.34M","0.00%"
"02/23/2018","104.00","99.20","104.16","97.60","32.09M","5.78%"
"02/22/2018","98.32","99.76","99.76","97.60","1.72M","-1.29%"
"02/21/2018","99.60","100.00","100.80","97.28","5.20M","-2.73%"
"02/20/2018","102.40","102.40","104.00","102.40","1.68M","-0.70%"
"02/19/2018","103.12","108.40","107.12","103.04","1.54M","-1.60%"
"02/16/2018","104.80","110.24","110.40","104.80","3.69M","-0.30%"
"02/15/2018","105.12","108.24","105.12","104.08","426.75K","1.86%"
"02/14/2018","103.20","100.00","106.32","100.00","2.24M","0.94%"
"02/13/2018","102.24","107.60","102.24","102.24","596.32K","-3.91%"
"02/12/2018","106.40","112.00","108.00","106.40","1.22M","-2.85%"
"02/09/2018","109.52","112.00","112.00","108.72","1.51M","-0.36%"
"02/08/2018","109.92","113.60","113.68","109.92","2.12M","-3.24%"
"02/07/2018","113.60","117.20","114.40","112.40","1.30M","-2.00%"
"02/06/2018","115.92","119.20","117.60","114.48","6.19M","-0.07%"
"02/05/2018","116.00","115.60","116.00","115.36","1.59M","0.35%"
"02/02/2018","115.60","115.60","116.00","115.12","1.60M","-1.63%"
"02/01/2018","117.52","116.08","117.60","116.08","331.28K","-0.07%"
"01/31/2018","117.60","118.56","120.00","117.60","16.97M","-2.00%"
"01/30/2018","120.00","120.00","120.00","119.20","14.44M","0.00%"
"01/29/2018","120.00","120.80","121.60","119.84","4.79M","-1.15%"
"01/26/2018","121.40","118.40","121.60","118.40","5.32M","2.45%"
"01/25/2018","118.50","116.80","119.60","116.80","949.28K","0.09%"
"01/24/2018","118.39","115.24","118.39","115.24","1.38M","2.06%"
"01/23/2018","116.00","114.40","116.00","114.39","3.00M","1.40%"
"01/22/2018","114.40","113.60","114.40","113.60","1.43M","0.57%"
"01/19/2018","113.75","115.99","113.75","112.54","1.40M","0.13%"
"01/18/2018","113.60","114.44","114.44","113.42","3.09M","-2.77%"
"01/17/2018","116.84","115.77","119.11","115.77","5.77M","-2.30%"
"01/16/2018","119.59","113.94","119.63","118.00","1.04M","0.28%"
"01/15/2018","119.26","115.22","119.75","112.00","1.49M","-1.31%"
"01/12/2018","120.84","127.20","124.00","120.84","5.75M","-1.06%"
"01/11/2018","122.14","119.60","122.64","119.60","16.77M","4.57%"
"01/10/2018","116.80","115.19","117.48","112.00","15.18M","4.29%"
"01/09/2018","112.00","112.01","115.20","112.00","12.83M","0.00%"
"01/08/2018","112.00","115.15","115.20","112.00","110.37M","1.38%"
"01/05/2018","110.48","111.99","112.01","109.60","32.88M","1.54%"
"01/04/2018","108.80","108.00","109.20","108.00","1.90M","0.74%"
"01/03/2018","108.00","106.80","108.51","106.80","894.23K","-0.04%"
"01/02/2018","108.04","107.96","108.20","107.96","252.21K","0.11%"